--
-- PostgreSQL database dump
--

-- Dumped from database version 10.5
-- Dumped by pg_dump version 10.5

SET statement_timeout = 0;
SET lock_timeout = 0;
SET idle_in_transaction_session_timeout = 0;
SET client_encoding = 'UTF8';
SET standard_conforming_strings = on;
SELECT pg_catalog.set_config('search_path', '', false);
SET check_function_bodies = false;
SET client_min_messages = warning;
SET row_security = off;

--
-- Name: plpgsql; Type: EXTENSION; Schema: -; Owner: 
--

CREATE EXTENSION IF NOT EXISTS plpgsql WITH SCHEMA pg_catalog;


--
-- Name: EXTENSION plpgsql; Type: COMMENT; Schema: -; Owner: 
--

COMMENT ON EXTENSION plpgsql IS 'PL/pgSQL procedural language';


SET default_tablespace = '';

SET default_with_oids = false;

--
-- Name: ar_internal_metadata; Type: TABLE; Schema: public; Owner: Guest
--

CREATE TABLE public.ar_internal_metadata (
    key character varying NOT NULL,
    value character varying,
    created_at timestamp without time zone NOT NULL,
    updated_at timestamp without time zone NOT NULL
);


ALTER TABLE public.ar_internal_metadata OWNER TO "Guest";

--
-- Name: products; Type: TABLE; Schema: public; Owner: Guest
--

CREATE TABLE public.products (
    id bigint NOT NULL,
    name character varying,
    cost integer,
    country_of_origin character varying,
    created_at timestamp without time zone NOT NULL,
    updated_at timestamp without time zone NOT NULL
);


ALTER TABLE public.products OWNER TO "Guest";

--
-- Name: products_id_seq; Type: SEQUENCE; Schema: public; Owner: Guest
--

CREATE SEQUENCE public.products_id_seq
    START WITH 1
    INCREMENT BY 1
    NO MINVALUE
    NO MAXVALUE
    CACHE 1;


ALTER TABLE public.products_id_seq OWNER TO "Guest";

--
-- Name: products_id_seq; Type: SEQUENCE OWNED BY; Schema: public; Owner: Guest
--

ALTER SEQUENCE public.products_id_seq OWNED BY public.products.id;


--
-- Name: reviews; Type: TABLE; Schema: public; Owner: Guest
--

CREATE TABLE public.reviews (
    id bigint NOT NULL,
    author character varying,
    content_body character varying,
    rating integer,
    product_id integer,
    created_at timestamp without time zone NOT NULL,
    updated_at timestamp without time zone NOT NULL
);


ALTER TABLE public.reviews OWNER TO "Guest";

--
-- Name: reviews_id_seq; Type: SEQUENCE; Schema: public; Owner: Guest
--

CREATE SEQUENCE public.reviews_id_seq
    START WITH 1
    INCREMENT BY 1
    NO MINVALUE
    NO MAXVALUE
    CACHE 1;


ALTER TABLE public.reviews_id_seq OWNER TO "Guest";

--
-- Name: reviews_id_seq; Type: SEQUENCE OWNED BY; Schema: public; Owner: Guest
--

ALTER SEQUENCE public.reviews_id_seq OWNED BY public.reviews.id;


--
-- Name: schema_migrations; Type: TABLE; Schema: public; Owner: Guest
--

CREATE TABLE public.schema_migrations (
    version character varying NOT NULL
);


ALTER TABLE public.schema_migrations OWNER TO "Guest";

--
-- Name: products id; Type: DEFAULT; Schema: public; Owner: Guest
--

ALTER TABLE ONLY public.products ALTER COLUMN id SET DEFAULT nextval('public.products_id_seq'::regclass);


--
-- Name: reviews id; Type: DEFAULT; Schema: public; Owner: Guest
--

ALTER TABLE ONLY public.reviews ALTER COLUMN id SET DEFAULT nextval('public.reviews_id_seq'::regclass);


--
-- Data for Name: ar_internal_metadata; Type: TABLE DATA; Schema: public; Owner: Guest
--

COPY public.ar_internal_metadata (key, value, created_at, updated_at) FROM stdin;
environment	development	2019-08-27 18:09:24.579795	2019-08-27 18:09:24.579795
\.


--
-- Data for Name: products; Type: TABLE DATA; Schema: public; Owner: Guest
--

COPY public.products (id, name, cost, country_of_origin, created_at, updated_at) FROM stdin;
1	Sleek Leather Plate	3275	Belarusians	2019-08-27 18:09:36.188089	2019-08-27 18:09:36.188089
2	Durable Rubber Wallet	49890	Greek Macedonians	2019-08-27 18:09:36.230985	2019-08-27 18:09:36.230985
3	Lightweight Concrete Bag	8900	Surinamese	2019-08-27 18:09:36.233106	2019-08-27 18:09:36.233106
4	Synergistic Cotton Wallet	46362	Ukrainians	2019-08-27 18:09:36.234996	2019-08-27 18:09:36.234996
5	Practical Copper Bottle	23798	Guyanese	2019-08-27 18:09:36.23681	2019-08-27 18:09:36.23681
6	Heavy Duty Copper Computer	3234	St Lucians	2019-08-27 18:09:36.238681	2019-08-27 18:09:36.238681
7	Ergonomic Linen Computer	19929	Gibraltar	2019-08-27 18:09:36.24182	2019-08-27 18:09:36.24182
8	Lightweight Wooden Shoes	7825	Comorians	2019-08-27 18:09:36.244682	2019-08-27 18:09:36.244682
9	Rustic Granite Table	23170	Hungarians	2019-08-27 18:09:36.246989	2019-08-27 18:09:36.246989
10	Lightweight Leather Keyboard	2679	Cambodians	2019-08-27 18:09:36.249379	2019-08-27 18:09:36.249379
11	Ergonomic Bronze Plate	7934	Bermudians	2019-08-27 18:09:36.251519	2019-08-27 18:09:36.251519
12	Durable Granite Shoes	28315	Georgians	2019-08-27 18:09:36.253702	2019-08-27 18:09:36.253702
13	Awesome Iron Hat	25031	Pakistanis	2019-08-27 18:09:36.256188	2019-08-27 18:09:36.256188
14	Rustic Bronze Gloves	27133	Angolans	2019-08-27 18:09:36.258832	2019-08-27 18:09:36.258832
15	Aerodynamic Wooden Clock	15974	Jordanians	2019-08-27 18:09:36.261072	2019-08-27 18:09:36.261072
16	Durable Linen Shoes	31963	Maltese	2019-08-27 18:09:36.263172	2019-08-27 18:09:36.263172
17	Mediocre Bronze Clock	2402	Syrians	2019-08-27 18:09:36.264962	2019-08-27 18:09:36.264962
18	Rustic Wooden Plate	27466	Armenians	2019-08-27 18:09:36.266912	2019-08-27 18:09:36.266912
19	Durable Rubber Chair	45312	South Africans	2019-08-27 18:09:36.268595	2019-08-27 18:09:36.268595
20	Durable Paper Computer	45434	Dominicans (Commonwealth)	2019-08-27 18:09:36.270266	2019-08-27 18:09:36.270266
21	Durable Aluminum Hat	25195	Latvians	2019-08-27 18:09:36.271935	2019-08-27 18:09:36.271935
22	Ergonomic Linen Chair	4052	Andorrans	2019-08-27 18:09:36.273633	2019-08-27 18:09:36.273633
23	Awesome Bronze Car	16367	Greeks	2019-08-27 18:09:36.275442	2019-08-27 18:09:36.275442
24	Heavy Duty Marble Computer	24851	Montenegrins	2019-08-27 18:09:36.277239	2019-08-27 18:09:36.277239
25	Enormous Marble Wallet	33757	Romanians	2019-08-27 18:09:36.278909	2019-08-27 18:09:36.278909
26	Gorgeous Wooden Keyboard	16169	Arubans	2019-08-27 18:09:36.28053	2019-08-27 18:09:36.28053
27	Durable Steel Knife	9278	Sri Lankans	2019-08-27 18:09:36.282155	2019-08-27 18:09:36.282155
28	Aerodynamic Silk Shirt	28418	Mauritians	2019-08-27 18:09:36.283896	2019-08-27 18:09:36.283896
29	Rustic Leather Car	39043	St Lucians	2019-08-27 18:09:36.285719	2019-08-27 18:09:36.285719
30	Rustic Wool Bench	6022	Salvadorans	2019-08-27 18:09:36.287542	2019-08-27 18:09:36.287542
31	Enormous Marble Coat	51401	Hondurans	2019-08-27 18:09:36.289392	2019-08-27 18:09:36.289392
32	Durable Copper Wallet	28512	Baltic Russians	2019-08-27 18:09:36.29115	2019-08-27 18:09:36.29115
33	Heavy Duty Wool Coat	46197	Chinese	2019-08-27 18:09:36.293001	2019-08-27 18:09:36.293001
34	Ergonomic Iron Bench	2513	Peruvians	2019-08-27 18:09:36.29482	2019-08-27 18:09:36.29482
35	Intelligent Paper Computer	8567	Danes	2019-08-27 18:09:36.296642	2019-08-27 18:09:36.296642
36	Sleek Rubber Table	22727	British	2019-08-27 18:09:36.298451	2019-08-27 18:09:36.298451
37	Intelligent Silk Clock	2904	Senegalese	2019-08-27 18:09:36.300452	2019-08-27 18:09:36.300452
38	Awesome Wooden Computer	33763	Malagasy	2019-08-27 18:09:36.30231	2019-08-27 18:09:36.30231
39	Synergistic Linen Car	24889	Welsh	2019-08-27 18:09:36.304202	2019-08-27 18:09:36.304202
40	Lightweight Wooden Plate	44599	Iranians (Persians)	2019-08-27 18:09:36.306027	2019-08-27 18:09:36.306027
41	Incredible Leather Bottle	42664	Moldovans	2019-08-27 18:09:36.307853	2019-08-27 18:09:36.307853
42	Rustic Cotton Gloves	24883	Bermudians	2019-08-27 18:09:36.309729	2019-08-27 18:09:36.309729
43	Enormous Iron Clock	28487	Mexicans	2019-08-27 18:09:36.31156	2019-08-27 18:09:36.31156
44	Aerodynamic Linen Keyboard	5325	New Zealanders	2019-08-27 18:09:36.313352	2019-08-27 18:09:36.313352
45	Small Silk Bottle	1009	Maltese	2019-08-27 18:09:36.315148	2019-08-27 18:09:36.315148
46	Small Aluminum Knife	12510	Somalis	2019-08-27 18:09:36.317029	2019-08-27 18:09:36.317029
47	Gorgeous Iron Bag	12103	Cape	2019-08-27 18:09:36.318829	2019-08-27 18:09:36.318829
48	Gorgeous Marble Watch	3012	Turkish Cypriots	2019-08-27 18:09:36.320611	2019-08-27 18:09:36.320611
49	Lightweight Marble Car	5190	Emiratis	2019-08-27 18:09:36.322423	2019-08-27 18:09:36.322423
50	Intelligent Linen Wallet	11637	Poles	2019-08-27 18:09:36.324209	2019-08-27 18:09:36.324209
\.


--
-- Data for Name: reviews; Type: TABLE DATA; Schema: public; Owner: Guest
--

COPY public.reviews (id, author, content_body, rating, product_id, created_at, updated_at) FROM stdin;
1	Travis Herman	je84eum9jmev6fmycyio1x4dkqaqksxtelyd4n7goc0xkqcbvqdg6ybf9lvmkuib10rgxfbp4rmjuvtoeda8gqj3geql2x4atn9lp0gc5egkpu2tkfle32jwlm22s8a5h5x90xgq3mwlpquv	3	1	2019-08-27 18:09:36.348206	2019-08-27 18:09:36.348206
2	Jarod Hackett	ekhop0h9caye3apngj2odn334t94xhm648cxdwmggj6vfv8bvlek9kq2ve1odecbj2jvebk8imcaqig6y8pbd8pkjm3nn3rxnl7oqyyf10tb9nywc2fqx5zhklc97s3rh60m4ypzlhk2y82xk2jmpoyhpcr801jbd2yu0voqptk33wrmfm2q726	5	1	2019-08-27 18:09:36.391793	2019-08-27 18:09:36.391793
3	Stacie Konopelski IV	w654iywka6v3ex6lsmzjo7pas9udqshx6ipdmx4aerlrebdky56wkwd32m6wab7j227oiz3p5tbjq09jbqpgrggv59oeam20bydbcmnezyn6d360klserk16x4ks59nju6wuvneocbr74tfx9aeam0us	5	1	2019-08-27 18:09:36.39482	2019-08-27 18:09:36.39482
4	Latrice Morissette	b39ik3b9o8o14j4a4jpjjevk8gq3lwu1qwjlg42vln7cwtdzk4mnuo2vqr3u8ff5cmdcr42ebskikdtd4lkpovetk8kk58porrllcjnf44z07slk1igl66ujuem15cjmy6mjf5u1	3	1	2019-08-27 18:09:36.397443	2019-08-27 18:09:36.397443
5	Tomas Goodwin	mnxwa2db71glq323fob4c9ekjsb19dge9l1ro565yafvj8p3299bhhjsymmzai4kq5e293dyhxvqalcpsd04dgpkqarg7lyw1py6tcpo81btt5rim7pkh8p4zvbkx4z3s7skqzptma5p1sp	2	1	2019-08-27 18:09:36.400452	2019-08-27 18:09:36.400452
6	Merissa West	fla63edctt3umbu23qrqussvbaqzha2l2vzk1qrugjqzge63fbovfmxg5rn2ks8nyvroykl7lahidaztnd7i4hbzj9pzuzdybey0julot3mz34hnh72ocbjwcyialdqdftaad6bqrbhcq3rulmfnwkeagc623bcq8kw5dzpy5a5ojsaxaoysz6t1kmfclv00o4f6tu1d0lkzfmcqh55698er2czns7z	2	2	2019-08-27 18:09:36.403682	2019-08-27 18:09:36.403682
7	Freddy Runte	92p6yghogn52gv5f1pyvo6ikqyo9ukd0epn84vr5yrohsvj7k0w7lvfpn5c3iv88rp88spyv76isoako1cra9vqgpnuc3sduuz7nkiq0bja6oaldk69ouxigp60e5cyqnmm4b46j3ix0vo8wv7ma5f5w6qmo5rf2yzaijzb3tmzbrxn0m59g35l34lnd6y65ovkmwgvp2jmr1dypkrrjr04h5ohml9cgmdq	3	2	2019-08-27 18:09:36.406393	2019-08-27 18:09:36.406393
8	Miss Stormy Morar	roeasooacpngabc5uxt45hfxfz2wmap65e1aifg3ow30l9ssr8eih4985j0x3tabsvs722mjsi6op04gk8djr3384knrf0ff5g8mqhnp2oqhygi7d38tii1bvj6uw89gm3rw5u3dnug8d2rfbucske2cjnt2n3u1csgixkv574kzrla40t7cb5zdemb4w7eib	1	2	2019-08-27 18:09:36.40994	2019-08-27 18:09:36.40994
9	Gaynelle Hudson	rt3s8g44hw6clq322g451wuhiejhm99ry4r07zvsk25ru2pf6uucxl192d8la0zcokzcwku8jirt877rzaapwx2g5t4deo70d9zjkr2qo3lttzcnedhcfc1eobi9rr1xrygd5t8e3tku0ojpalk3hyixm08zsrjs6sryaqvyf5	4	2	2019-08-27 18:09:36.412629	2019-08-27 18:09:36.412629
10	Dean Effertz	wtxqn8eizwexxf195ybgxsvg1qil5z367f3facq8e1pjh5aqi7psvl62hgynsi0me2266ydvl0q2n98tscdqkq2y18qkifanakx26i5t2xuunc04xysd4rvcxpuquxds065rqh6p79sjoewr9k77sdfeqzm6nxk2usv35mxdjx192ah5ywet6o96e5u1vbzsnmu3hcmqhk5he	3	2	2019-08-27 18:09:36.415231	2019-08-27 18:09:36.415231
11	Sacha Jacobs	ngzdvjgc08zl6zjop47wvrnw5g2wvlusvzvkbbvte859p13mou068u4uv4yurr9k41i	4	3	2019-08-27 18:09:36.417924	2019-08-27 18:09:36.417924
12	Mamie Kilback Jr.	uhwrt044of94edgo1mzed58teygyh88zr5w4tik7pxgdqoog8h5bbbri1rx42v0kjlxp0c10x1up7gr1avkua2fngtpqgkwf88vvi6mf8yi3zp77iutzg8bmxbazeo4xedxm0d077lh98hors2jjv4	3	3	2019-08-27 18:09:36.4204	2019-08-27 18:09:36.4204
13	Ms. Mable Gutkowski	sqkfgy7l97te5ag590prfw4jejnepoz8jnc4r397d81jcnww1ancoo1a3rqn3eebl6xlf2s6o3lmkig7y1j6iyrvku4kjar590iwks5uxxcekb9ntbksvmjs7uaxj5fmbbt868cjoep2pllt2wqx2iyraadb2lvens4uxju1ywhliuc1ukq7j71	3	3	2019-08-27 18:09:36.422798	2019-08-27 18:09:36.422798
14	Dr. Althea Johnston	2pjdu131ilp4nucdnvyiil4w6j2oj4rj4hz5l2blgnh9z2nlgjsanyyelxt8y904jqui9yp0wyw70pt8y4vekzvhmn92izlkhtqt174elyqyc2gl0qztqb8dxqqzwtgtdvj0ntj7e8177iqyze57bk1s3lfh8qmivv85lmtw1tdiuhlv1f5qmo8pfb9	3	3	2019-08-27 18:09:36.425917	2019-08-27 18:09:36.425917
15	Alberto Lang	ikm07x9vcuhzruwga4rugymshadg7vwxhksgfojt8bf3d017j0oh1wdx4hqweadk3pxgrcnl0mc39ad3d8stgtd92zib7oetkjbwpwavezasjlfuvmfb6q44e0s5nsxxt4oeq7gy7unbs5e2kx5g	3	3	2019-08-27 18:09:36.428411	2019-08-27 18:09:36.428411
16	Mrs. Nancie Schmitt	vo0wx4agporoutwialoqe9zh7gvs3967s73q4d4d6jk3oo3lau3iegr7jvb6jif93h5brs2m4roihwf57p7fwwtxqr59fmeibf9xsqjzeac501gapz7ei0	1	4	2019-08-27 18:09:36.430783	2019-08-27 18:09:36.430783
17	Gayle Ruecker	khen0usztyo2wpefu4g4fcukqwvjuhf90800zsll7jd7su2np540jc7n9wk9g70ilvt3k4xy3rbkby5g0byp33cue5ua0bv0h32adgg556py50z1h8no5ec5mdctbzoi3b8blkrpq9jps1j713zngovfnahx3fttwg8g0gxer5e49	3	4	2019-08-27 18:09:36.433712	2019-08-27 18:09:36.433712
18	Miss Drew Borer	gmk0bgnr0apdmpkjldtwcabbdhdanh1a4tt3mnebndiv3k5jg22mn8v3zd5q8jghst5rhsm58h2txxorvhwznahm23irifpyh5k32ehq09sfbe4nq26b8lhd0pjib6cg2thptf5r4mbkpil8gfwtuo8zyj7542br768ojx82cesxrgt3fjisofqomvps2yy9dl8vp4yik58hbwmc5oe9qet96id6r	4	4	2019-08-27 18:09:36.436285	2019-08-27 18:09:36.436285
19	Miss Gia Ryan	wh6ebmoo6mm7en000d8nlvk9xw5thgv4l4xax6vohcka357qw3fe8bahkv6x7yx5wli09uj81z4d9bjc67z7fuhnomq1spxfv6rxqv9k8qpqth5uk7u19c51nu1x25sb9olzap74n7hbubk1d88xcooz9j9jdrm726rxasv1eiguocg1x4vxdlez8l54q6j1sz17nbcn3rgxt8l6mqht638d9bnwh5r07idb6deir67o8h40cw	4	4	2019-08-27 18:09:36.438796	2019-08-27 18:09:36.438796
20	Refugio Labadie	j6tt663xijb8ik0ipru9gfd299r6xniqu13qtmfldle9feaowozv35x	2	4	2019-08-27 18:09:36.441972	2019-08-27 18:09:36.441972
21	Ms. Freddie Nicolas	qfmko463gsys3nx4y1ftsvi596zirnpnmr0tcouvmxbu5vxjb5s10jc6vrbkupwn3qv3ju44fwhbvloaoxyjrysafdrc83cwcw8hm32zny3j6f3mwf2dzmxp118lp17h3j2l82nhjiwptmczlpiz9uznpw33geii81o7whh6pk7gqj4uoz7g44wss3rck5sxdef1hs8r9snad3ckbx6pt1ob45ec7hxowvdm	3	5	2019-08-27 18:09:36.444956	2019-08-27 18:09:36.444956
22	Ms. Javier Carter	isnmtklek2ch30sso5gnlq9wm1oqo3445xj4j5bedagdyg0eqx0wijz23r9fk2xi63dpf8qmdgsg8m1akey30yqwzds22wj5huuvft5c0ij3dfohpz3uudoe37mem954yp9876803e5112ofi8csvln0bulocc7z5xmwewgl4jindfzkudd9z1vg4w2qvjo1	1	5	2019-08-27 18:09:36.45156	2019-08-27 18:09:36.45156
23	Suzanne Mueller	ary4rwjr2b5trkky0ipf5bew1opcrqxtnrfkinf5nnopyimspq7lvm5	1	5	2019-08-27 18:09:36.454323	2019-08-27 18:09:36.454323
24	Graig Rohan	11udo08gh7ah7h8cq4idc3jydtpt4rwah6no32zl087zsq9m480dz44y3ppanxe9mx1hbrzg2atus48pkd5g15k2o87dmvde5bzpsf03bndv7x6hm4odp6g1ce9yd9m1cvlaipcg5n5mzttemia1bknxzra0jg6cvomx0jrezi76thnpuewu98	1	5	2019-08-27 18:09:36.457687	2019-08-27 18:09:36.457687
25	Miss Cyrstal Rempel	mknkngxieay7ewz8juhfm546oattb7fekfty7r0vce89qfsryuehzwbvhyr5slc89d48g0l5l1efivrilsyqsxmdeb7gm0roi1wyvwlz6vajz2ye2o9kpabtiemhcu0iqy4zfdoxtqyt34m6lpcm5yadzo6qtrbfvcbyoejtrajncuqzfruir98kcqqzxl8082j9uloehvq3172u5uhtpgm9h6yal8sitd17fxbrwz9r1j	3	5	2019-08-27 18:09:36.460379	2019-08-27 18:09:36.460379
26	Rudolph Runte	dgaqvye6tkoase4qnkfuaor898l77okxi6cmvqsib4pedxnqj7mifh9eqs92lhjhuv688w54dp3wdr8ffnilpmngmjzf1rx047325rj2wbtc0aic0h4ll2nv6eukzxavds	5	6	2019-08-27 18:09:36.46279	2019-08-27 18:09:36.46279
27	Dr. Horace Ortiz	8hz7mz3lg46xbmwswyclc6s6gzqokpofgtfht1tefe5nyco16sw3mddppnpnffhg0b9sbavz7hkkctcbd98vkpz68bbhpadqf0jzrvdwfswh8gjz9v4nhm9gnzaf1tnxt3gx0nnsicqmmk42x4w5ro9ahfk9ma984a26jxqqk5sj4ebwbdb53itncqzsemtl3p21zdga65rvk826poelr9aijj28g2zo5uo	1	6	2019-08-27 18:09:36.465895	2019-08-27 18:09:36.465895
28	Tomas Kulas	ova679hly5j71i4v3nw8j4crlybn3jrepgiu2n9vys57qvaa4os23aynjgwbdl67n3ilpsbqiv6egpxozgm2b546x701rmd093v6ad9p6ims2h4n	3	6	2019-08-27 18:09:36.468441	2019-08-27 18:09:36.468441
29	Sonia Lueilwitz	7veevsbw8wy7lik4mz8tmvzpqhaw1z0i75jqvv2c77jddaoiafcopkfzumb2r13hlxryryxrddeee9x7prdlzugcheclv6d2d1nq5zi1s6qcb6ztxlij0nw4ckyouplq2cq47w36okw5jl7ze8a6dn	1	6	2019-08-27 18:09:36.471017	2019-08-27 18:09:36.471017
30	Daniel Labadie DDS	bd0xzrg2wvcnec2wth3tosg7txkxyg89vihzotb5x06tp0rxs963wybkgaka3gq7qhwsfoudcotzb4uhe31vgzllmwl6dhm78adry8fdgdo2zgxhhag9i8c8qaah89k5glclp5qxjvrblrdo5i76rbtbr19jeyu37j2a6f59ty7vpxn4vniou9j1xmpxv0i2yj3a9v28dpqjzozo97yxdku72s8q5oirfr7bgk0b1itaxrf9nrivh	5	6	2019-08-27 18:09:36.474026	2019-08-27 18:09:36.474026
31	Mrs. Sherie Gutkowski	p27sjtakbovkq863u54nt0qp6077078goa7eun3gs7jasav4ki764i6a9hlts6lhwe0j3yqnd1j7iuzexv2j8gc4k6nk14zim49p	5	7	2019-08-27 18:09:36.476561	2019-08-27 18:09:36.476561
32	Felecia Grady	h03nb4hvcapj29womon7p4h7qwx5bs45wm8jaab43t81i5s7l326jac77odx9qwqerxa4rnpniiqilwye6he053ewdqt7o7f99eus8od03kujwa6g5ob03qekx0rn06wqgs9mcxodbbfw96oaf5gi0n0hufm0gv	3	7	2019-08-27 18:09:36.479018	2019-08-27 18:09:36.479018
33	Marcelino Goyette	8wwr1qr6hhnpqsylj59shqc3krdcdlw8eme1bisyqo0wfnf7xa0al7hmlvujr9xhh145kjrkiofwppmwriu7gvvz5fgid0kivuwunnfgolewyb8w5kqhdhrurshpmnbj6jwnux3n21p14zzdvu4cexg2v0cfgsiuurj28xsme75cqf57j89piyjk8y29oubu59jwzjeil1uaf4t0utj5ktp5ut7ay4y1	3	7	2019-08-27 18:09:36.482142	2019-08-27 18:09:36.482142
34	Jacquelin Terry	yfo70h1i02au5v83iqawid4pzmuwsgxn70qb8u70abf8f27kte0y919rgzq532vksrlrauqesqh4tgwijy2tg86p2lao1gdq0nktswra0dign2m84nnfuaof0g5vzaebpj3p	3	7	2019-08-27 18:09:36.484847	2019-08-27 18:09:36.484847
35	Bernita Baumbach	g4ij4c9fiqcm0ezd2enopfha43zjb03waxj8pu942yamq8mj5vehrnr5030g9pdrpv7uozsrw3u2r	3	7	2019-08-27 18:09:36.487252	2019-08-27 18:09:36.487252
36	Dr. Jarrod Champlin	mfnbho9ne3o99qmge1pygdoqv88fqijb5xbjkefsfop65ii0scp8c2t8dpu4mtkxac1ztlwda0a2o8ml6x3mozriahkbcld2gqa15dm3hr3ypn3lf7g636fsbdtm58s5obbvm59vra92figy5o3mus0khaf2a0end6s636tl42msxchp5d0uah0erfv8947uv18tfqjdngt0iaxqaykyls999klmtt9blfcdwr1ycol	2	8	2019-08-27 18:09:36.490144	2019-08-27 18:09:36.490144
37	Bobbie Ryan	qfq83rpl6yv6ehxidzagxdpjwvfllx286olo8mi5qpiesrs3px70q6u4hp48ixg67qm5expk2c00eayzln4tt066whggbdbehf7s60l7xll414o5iqocvc5x21442owumedlgpq6c30di3l7bn38auf707chiwjuy8wl1gsgyee6q4raly585adtpcoz61lk6wstk5fr	2	8	2019-08-27 18:09:36.492673	2019-08-27 18:09:36.492673
38	Miss Bernadette Wolff	gc2wiqxxmid7wj3llug2ivawjc86aesfaepormhvm3a33fhpsscsl5an9sviuqee2c97zy8ibfo6kdxw8ghotzk7ojiiu3dwqhmo36wfwtmoowd5ohls6cg6	4	8	2019-08-27 18:09:36.495535	2019-08-27 18:09:36.495535
39	Mr. Micheal Towne	jlb7bd2l79sxb52qgtmq3fmfyeyqthpkmemx6qv4r6m03ulvakdigykyuybizenczba84y	4	8	2019-08-27 18:09:36.498943	2019-08-27 18:09:36.498943
40	Heriberto Bosco Jr.	86pz8248yc4e2tl1feefx326lmmdfeu849xssmfjy8738jyiy1flo376j53ur8lr7feqy4evwze1bln6l6kfudujm5xmq2eel8pzvbrsdf1wfbboirnt9d87brhy7jwzy0eoyh6b7ockpectcpiabkbv82xvgud0dz01eiueq	1	8	2019-08-27 18:09:36.50242	2019-08-27 18:09:36.50242
41	Dorsey Sanford	7mcnq4vtvvip971mwjgsx8txjlvf1twquyc2xg4jhuopph62xld00x6m8w8b3eyqv2iwwadwath	2	9	2019-08-27 18:09:36.506392	2019-08-27 18:09:36.506392
42	Eva Marvin Jr.	9j8mfb35tmlvwhpz2mq5qtsmycoksgoefoc5lbw4j4z48x45klosxou6kzvuqimfwztccddmt8edxmsg356cofw0xeddlwvq5gg47lgerh73m1bjt4t1s3j9n6macpy89g5f5sdky0x34u3th8ij42olnqwpvbu539c7o5vjw3xgevlhyi9i3unpe6qckuuzq56kuppc7n85peby80tqfk8m5rw96yii7rfhhiequhdf9dlw322yls3	1	9	2019-08-27 18:09:36.509677	2019-08-27 18:09:36.509677
43	Gearldine Legros	5ikgvvpailgrhsdeh0q6mc5r5jq2f7yakuq04qhmvnxhyj3swlt0gtr4xuve9w6yjynwg262snkuevlp50pga2aagimsyutv7na3jbwyxqzrxmhvvcxy0sagfv54eibu76h1ly8mydog6figi34p6r9c4refks4vkocystad3s4th6qj02bds8p8roetvk32f7odaktmqxc5r9help56vnxwcmik188zbchhvudy56rvl9s2	5	9	2019-08-27 18:09:36.512715	2019-08-27 18:09:36.512715
44	Monika Kutch	05cto4pkyekin9pznduy458fbtltvlzidzusc15lc56mt84oynir6imyz9xdlglt	1	9	2019-08-27 18:09:36.515362	2019-08-27 18:09:36.515362
45	Suzi Carter	9uf9gnzqbi87fe1exm0km04gysdln7m4n261vdgtst0c0qtfgh0l2x1a6rzc16hj590rmmx8171a7ztb3leg8zcf83a3lu29lt0al22w3th4q4pby48elbkzhro1p691a3hwltw70w	2	9	2019-08-27 18:09:36.517917	2019-08-27 18:09:36.517917
46	Charline Osinski	wyc4dczqv9x6hf308tt2tlzvmjspfmq0lvi54pzz8xoa03yjivca59oicutbsfz469k3qqysmj5ai2umv4vecqhcwttxgkghah8guyezqe3v3vs4c7mfuf3cwoh1alyh49nolrif8nhsccy	4	10	2019-08-27 18:09:36.521045	2019-08-27 18:09:36.521045
47	Idella Bergnaum Jr.	5bq3haeh7fbcpxfebmcrqc3vhc5nl2p2i5jk4yn7px38sa5rxhwq1uu1exmu66vbojuc6wzw5ioejib72psqyrtsf7v2cmi9o6r46nne32prx3rvhq7qj7xnljtlr7p9wwo0glva6o9xmh5fn7zv71159hyfkogd622cuuf15hfnw66he670c79z0h3pgetuilyiblwgkxjecrlcroi0xsfgl9c6a20un69zkxpq1ocqgtn1w	2	10	2019-08-27 18:09:36.523758	2019-08-27 18:09:36.523758
48	Evelin Kuphal	tn0skxl0ztr6cgrwavef6qgzop2oo1ozeazg92zto9z0gsx3tsa0jc34h3mbtl37wsux1qaba109lef53wx7uajwgngmpl8ilpv0nmu2h3smr0205zfc7hys2c3ndo44bp8ctbkr19vufsa4xcxi0c3aemtcrktakn0q4ic	3	10	2019-08-27 18:09:36.526299	2019-08-27 18:09:36.526299
49	Josephina Crist	c8qbkween0jvpe6491s5xcyx9i7i9khgp3117br3qhhhukhvscttboky2eq3pxpj7wxyaoo0lf5e0gt9rqqhzonm0a1qqgqkupyhmruezw	3	10	2019-08-27 18:09:36.52873	2019-08-27 18:09:36.52873
50	Gayle Wisoky	1556bvdetq52fhnb5425sfz459487985azpktgvwoqird4sm5w50ux14cnveipw1ig491qxpsr3snm4vt33fi2w2fym4v8pc39xe4udqxb12xlxvh9aqs2c93g2eyukvk61eqiz19of4hn4vyoe04ojec1r3356uktvj2vcl5gwaythw4v37t5urm425nsvdoha2f0dcxivk0v7pqoypdfusun17xakr8vszfhwlfhom1jg3	5	10	2019-08-27 18:09:36.531221	2019-08-27 18:09:36.531221
51	Dr. Barbra Renner	uzuxtdr31imulimqhzm6i6f26h0eowg0y2uek9z1w7fz03ngybig4m9opasioawoep3d0xic4w7q4kh4cn288sa16y4qswre	2	11	2019-08-27 18:09:36.533636	2019-08-27 18:09:36.533636
52	Haywood Lynch	2i845h7dehqo89nl19s0oyvz9ssolsuxyx4ojbws5th2et7bh5vhlc5c89hord4uwdyce1v7aouagbkvjzedcl8agfescyb56z4oykfos9mifi7vad6cxct106xrarxbwsumorcb9pdxhbj1u349xq9pzh94ohoinwp9zuieke5ydb8g0qgelbrdu4p75k	2	11	2019-08-27 18:09:36.536169	2019-08-27 18:09:36.536169
53	Lanita Jakubowski	0hcib65816bt51ullsdkypvf1xf4vrqdq5ddofokhhd7quqeuxpgcmdnhn9mj7mz14fj88mdx0tqepn8yd3rvhega92eckbybqkc11n6ebvi5g6vccqbwegn111lju9wl3dvyragm94oil61i076f7p29bduo1ulbflui7149ah9w0v1w9cfxnxicefnagn357	2	11	2019-08-27 18:09:36.539138	2019-08-27 18:09:36.539138
54	Dr. Matthew Reinger	fjnry593uacdjb5tvjh32ow4nsvlt7m59i0dtf8hm5ahbo0mdwlvnb6o54ybv9z9qk57d8y6554rw5kegfgygcqr4czl80wfrqnh5g4tov82	3	11	2019-08-27 18:09:36.54157	2019-08-27 18:09:36.54157
55	Ariel Carroll I	eflqecbepepvinkcwkwaidacgw713rr8rdnjpucfp0ojwoeelkank9qwbw0a1k45err591jwnokb8npqft3hbqr9k8ffpytyrxk1m68g647xlpn8loqkx2mv9iz3xisux5232y0ara75hf9f9wj0ewgfr2b9jvmnopsh	1	11	2019-08-27 18:09:36.544133	2019-08-27 18:09:36.544133
56	Emily Schultz	cq33x9edsjh77idv0jcgtck53diwafimiv9o3x3v58jvibhkh7m32sqojnfx77i3s1fw1npzht9i6b823eynnlavau8q3ryx71e	1	12	2019-08-27 18:09:36.546737	2019-08-27 18:09:36.546737
57	Leigh Jacobs	iml4j1uo5u01pgkk318dy5m9nrhbqs9jtauz7283yxdfb7nn4hooiuf797y13s9qkrsfgk5i6q17rwys88jvgxf9z1l2nu8ly6z8zsp668frwh93jqsoc5d2v89zn60n1teloatyu9sur725t5g0easjoavmrp5k6yerd	1	12	2019-08-27 18:09:36.54957	2019-08-27 18:09:36.54957
58	Raleigh Rutherford	hkzai9oucub2i2ksv2qftc2f7mcp0o9szyg2yc7efydfsxm5373uuc1camnigd6q4ir69kfbhk2nsxbqgyl39tqy6axwrszqbdpwvcnzqchbu0r9w8ryqyzm05bv6a8t8sqbuw1svcm2zimwqowtgby1nyr3jzstsbm9p2bw24k299zcjdygm10xup8vzp2gsbfoe	2	12	2019-08-27 18:09:36.552284	2019-08-27 18:09:36.552284
59	Royce Johnson	qivltzvlkeu9gum056tvyxgms7xwsq14zypmv3mqk4z8dk6eeexf8ieltqruak9ko9581x643yzzvrqqqd6z5bccyruei0oevir88vo652m6iqujtcw6j	1	12	2019-08-27 18:09:36.554837	2019-08-27 18:09:36.554837
60	Noble Wisozk	5c3ajo5u1ooubrpfsv7ngl4r2aev4vb81yk0io0ee2i2dpx95p38zbnlln8qi2g9k	2	12	2019-08-27 18:09:36.557328	2019-08-27 18:09:36.557328
61	Anton Donnelly	5rty242hwcemc1aus7z8nvz92cxekvcjb97dgmxrwwpyoe4f9wq057j9wlqrqv7rlx0xbbk79hqy28vdt3r1whcz3nn71osyyyhxdk54nywjny84kqctdkvzzrdvitu7ij5dn991490iw9lwh63ymyp1tvq722biak3e4ikp0kesfsa8aadhadotlbw4ud09mgiw821w1	5	13	2019-08-27 18:09:36.560164	2019-08-27 18:09:36.560164
62	Arlette Smitham	cny2oopn2hbn6krvh257fi1aljabhyygny406yliz5q2n9f1mwnputid4ocdg883wv8toy66r6uv3pwxzg6i517lsi1dzm6txk5tntmvgednlaidki6i35ed91sldhjrf	2	13	2019-08-27 18:09:36.562826	2019-08-27 18:09:36.562826
63	Saul Breitenberg	mjfznuvldv9vgfcvh2cq5l158om58bxsben840qjzatwp97qvsljxzpj9spgvecl0jhztt7k0o1jrh8s3s5bxwmjeg3x1vlj19q27vzg7uv9qe5im3ilwos4l	4	13	2019-08-27 18:09:36.565451	2019-08-27 18:09:36.565451
64	Dr. Quinton Purdy	kv6jagh57qvlhaiin5tdie27ptjfw4u6u1m138omt6b7gu4vvwmuhmsy9836egms7ufen2m75ueaeo3q73m0uos7scuyr19c3tmmlip8rj4bu7vku39yqibkle9se98cjlgv932i7ehi65atpx0fl3ed7uu65w6epx09irruyc6f	4	13	2019-08-27 18:09:36.56809	2019-08-27 18:09:36.56809
65	Londa Maggio II	pxz42hsp4ne3vhplnvm23mam8dedrjrl153lglfm69cuvfmyx2x9nea8osk71	5	13	2019-08-27 18:09:36.570646	2019-08-27 18:09:36.570646
66	Oren Skiles	rrsl8yh97z3hxj6aqcu954efyaej33sx3hvfzd59188iu3x0r2xru1a0gsagx5mmevmnjwgr6c10jak7unwvpi7ll8arxs85glqomvvy4mzkyzh7oz03jwmlwxm1i71kzfjxnp5hi9903c6jpsmjcn5yopg425ni03errd8az4qk4apdobvgud0x	4	14	2019-08-27 18:09:36.573295	2019-08-27 18:09:36.573295
67	Tish Morissette Sr.	5xryi0b7gstonihkv6odaudzfswty7ecv9mo6lg4n0ez1tza0jii1maegx	2	14	2019-08-27 18:09:36.575935	2019-08-27 18:09:36.575935
68	Cecil Ritchie	puuppw2p7107d22antt8btk3g9dst5qlaw5eg5dsm4zar8zqw8g2ovklxwxevaic0vy648qwl83hjj4mu8a6vbagz7z1b0fzfql2r4iu776y05yla64hovr2puz46wuiso5g1h90zo	4	14	2019-08-27 18:09:36.578584	2019-08-27 18:09:36.578584
69	Winston Rohan II	p4tb58liwoszk1svdpu1o32rbhn2g19baokhpi45qg44s2vdbjgxy4z0cc2hxcmm7w8vpy93q6vnk2elckf95leo1cblegunmtz89rp2d46w0as7j7g4gylzhidhvm59h514xsw44vsj1imjsdtfpyzh713pb6i4ovaiecczrx3yufvudccy8eayhb86drob6ks4im59roabrq1639wbi	4	14	2019-08-27 18:09:36.581315	2019-08-27 18:09:36.581315
70	Ronald White	2y3f8poavdopphm1dzc6balulyrjrw055i1gxfxz26p2ukk6fizjbw7glm8n37ss	1	14	2019-08-27 18:09:36.583848	2019-08-27 18:09:36.583848
71	Mr. Carlota Cruickshank	ny34zvldbad61sr0i8wnsmsrcfhyhbtmfkzoi1y73olc1m8nujlmw7h8ec6nbej3b48kv02xj9vn0ftyg5ll36j4fa6rckqi7rbhkxhyin3fa061t1j94xmtm4piyjofymq5em8wq7hqsae8rh2p2eqmkz3a2cgoazeaozllrvr6w5mdjw4nu02zmmi01zfuaa2bd8thh6rxzkj5fb9krqhw7z1	5	15	2019-08-27 18:09:36.586569	2019-08-27 18:09:36.586569
72	Miss Terese Becker	rbrb7pomqgckl257hg3m9ghourhasd3hdey42mimso1s2hpwm7bqqvgfj0vfeo411tnv11f	2	15	2019-08-27 18:09:36.589168	2019-08-27 18:09:36.589168
73	Jose Ledner	3rzktbq64ds69mislaxd04w7w2th6bn3nyppm2io84r1ijx51rg	1	15	2019-08-27 18:09:36.591651	2019-08-27 18:09:36.591651
74	Jolyn Pfeffer	8ps3oqiq1lkk3t69ipvgxnq24zakfp0wqtqdecm13arvx7hqyuk69ibjk8yh91x46cn83z99ryjrnn9soqi0zlrfnq3kfpe5p1xqp8mbxgigyswyy54wv296x10rkewrpesttdqp4zub0883f27v58n7alyy298lcboevxetvali3spp2oix3l92y4la9v	5	15	2019-08-27 18:09:36.594351	2019-08-27 18:09:36.594351
75	Whitley Buckridge IV	w21vle0qno34h26655cvwos3zy6vsf3nvex65zs7h5fz6ui4nqmnsfkn9l5s0lv1l2yjsqg40om9iw5vamqy0kjz3o0a6y40getxn8y8qs5zp1lfxk75ly9td	1	15	2019-08-27 18:09:36.596906	2019-08-27 18:09:36.596906
76	Luther Steuber	s1bss9hzggvk4u1jgwe06r1w9vrtvt8e7ardaerim72r0wbkp16iq2izzc8bifdszvyungfju69uy6384u4u4050zqxlob8b5ao723lt84pm9q3sou3ozidky7kfew5gtnllivhz8vsl5zhc40am9wxf1jhglfsseybsn21lylqj199v5egr9r90elvrzymbobdmp5655hnzol6ks	1	16	2019-08-27 18:09:36.599569	2019-08-27 18:09:36.599569
77	Latasha Lueilwitz	kjtr2ha7wm3cxtcbszqxkgz9gmx12ch7i1dgulr280mrfid68n3oed3qg0wvnlaiwxtn1eu675foix2gar5lu31etl23xthcabq4loktphp1udlwre8xbjvfmbursdbspadu9pkc5mhltyturhh7k8d8nvtc2osen9nkwk18x6ifj593nf96esz8lvyavd1incmsjdyxg8p46vq306expb1ydc5hs4lbdsfob4mnz50os9r	3	16	2019-08-27 18:09:36.602245	2019-08-27 18:09:36.602245
78	Chung Zboncak	o3czgqw3dvpwwo4qxfnrl4uf90gg4etvek60f32mm98emzv8p8u7w5j0rj1l73f6n2mmmu03x46qmnlq1wmayj8kigsht51w6v8adowg5e6i1wjhfln4o1n271nh4b6vt4mkfcumkb1xyhhikpnr3rkdukh8t9xwt0rrubjaiutl3lv81zagk	4	16	2019-08-27 18:09:36.60487	2019-08-27 18:09:36.60487
79	Mr. Karyl Hermiston	ft0l8r807yy7tz5enfvoguzyg8kbgfz25mo8g846f6u80bquqqoo0ij4sow9ebv0rpefxnxui76omtlewtznqcbxi21sf8rwgjuvx5d44lkgpjii7w0otk55943nlgoret4x98hegrvommfmnr	3	16	2019-08-27 18:09:36.607457	2019-08-27 18:09:36.607457
80	Lurline Ratke	w2urf0b5nlpcgv9y46fq1k1zdg7ig1udvcdbgrb3gby81xtw4o1nj6nr6q0p64irpz5yxvpzdg2cbn9d7j6c0jwzyk	5	16	2019-08-27 18:09:36.609996	2019-08-27 18:09:36.609996
81	Edith O'Connell	lnz5d52qzj72zny54fqda6thvhybmhgbgwzs6n0clvnu50ltpcf30ca82z1i7gs7423i0cpcuilni69o59ve3s0ond39y	4	17	2019-08-27 18:09:36.61262	2019-08-27 18:09:36.61262
82	Fidel O'Keefe	w3i2uvynep09i51c68natco43u5jl168xueaf3luyj3agu1uzjb5vspz1jkdyv6phw1jha4c40wi8n5p5t2fql5ptod3hy5uc4uk8iga2hoqi5xhvf51d6ya00376tnp72i8n4xgjt2xzwiapmc39tlahz3imbw0rm7dv024mv8hbzu	1	17	2019-08-27 18:09:36.615283	2019-08-27 18:09:36.615283
83	Cyril Collins	ocvnplmc2xpe8y8r8idpzsdvlurzqk5nw628i7eniy6luvmzdhkz7vz5g6vcm4yerx7sow929oo26xb256018wjgrqsjsxq70sf0bbl04s31wggodzvsv53q8mnhf53vlfk1ccdzda31qh9hpr	1	17	2019-08-27 18:09:36.618007	2019-08-27 18:09:36.618007
84	Jestine Kautzer DDS	3hxqsyz9gxnrjsabozm0p4lkxjp7lfbbm6xlw77c2kr7gs7mhaj5nd534c4g9qnyxhtyjv7	5	17	2019-08-27 18:09:36.620582	2019-08-27 18:09:36.620582
85	Randy Crona	9lt7qapuo2tpzbb3x2wfwgdfwjsn1jrp7alsygwg5ffh034smvk7wxuutmaur64uc3g5a	2	17	2019-08-27 18:09:36.623244	2019-08-27 18:09:36.623244
86	Kristal Bins	uigzvcv7w64b0o8lb12wdy3zshxny49dmdj53ow5zbm1ksn6nzfuzd8daibd91ew2v83tgz7ohw7zk9nhnpq49hd7dvct55xsx6600d5n2l6ibybczl4b7h5wafc05cfkw6xcewv79o518t68qr42wglb	1	18	2019-08-27 18:09:36.625962	2019-08-27 18:09:36.625962
87	Dr. Eliza Hoppe	5enquvis4clagi20f501yql3telmgjng54cos8liggp7pjm7rk0x56uov7127woq2tj8t6ly9sdlx5ppillte6cszd1sykwsc98usiyudkhk9y9kctekpjk6dg1jmdmfn9qxo	3	18	2019-08-27 18:09:36.628586	2019-08-27 18:09:36.628586
88	Wilson Armstrong	lj7yytr6lsuitrtdr36ql6fz750mnjwk0yurib1quz0mwxlvmm5mw2666pqt71v502uo1cd7lmqlak5n45rusa7bodn4x3ptfvvqpkz2s3yji7of7549mcti4ykqy1z5gadt99lzmwfk7emk3wpnfa9xvkbhrsf19npiverhlzy1nb5u	1	18	2019-08-27 18:09:36.631224	2019-08-27 18:09:36.631224
89	Cleotilde Bayer	5qjk5gufdnltljz29owbui1o59j0f4nipcexz0jw0q946k9vr5mo9jbxnu7r8vsrwjlxzc0nomj2neeh7eyahd19xur92o55r0eznrwz4606tvywb500jku04dheijyv8v6iqsncta2lgtmmfeqjh3kxqdswjs5h8s7wyqm1ns5am3knkdv10p5mz2o8r27keo64ju9omyi6tom4	5	18	2019-08-27 18:09:36.633875	2019-08-27 18:09:36.633875
90	Frederic Lynch	v16a504146dffct48d5ecydy0yd7byw2865yfeefpmrrjsna6r0rlrzrt3vdm8quccz0ex6r30gsem6fevrv8eybcugu66rpvyzhnfrqqzsjdfvq55vo24ehc2mt8bxkspffitx9pcax2fudiwyiclgfycbpp2affb56na24dd61n2eb2z57yugivxmva2bncc1tozsmgawhyvjbci2mys01jz2lqaxx41zx8ay5v7hv6i1pko6hj	4	18	2019-08-27 18:09:36.636629	2019-08-27 18:09:36.636629
91	Miss Duncan Kling	2ok99mxh86uxrll7yr77no4c7wvrm30bhpbhp881z7xhd59frn64aurlhuxuk0chqn0qlx6oa9x8s350t8u9fau5zlskoxx43ovnzhfvmvemqgwwnnwao7iodprb2dkfgj6ndqspwpajaqv27cury52wcqobc5b00w29zhp67nux2u73rmvaz9tq47kqh59z364dm	2	19	2019-08-27 18:09:36.639265	2019-08-27 18:09:36.639265
92	Nigel Beahan	30jvmct9bym13j8lbvz1ve811hdzg5saaxjolgsgx9721oowqzxfcxhdph5tnb0t1obhpc91h518e4zjxdrjcyiuu	3	19	2019-08-27 18:09:36.64185	2019-08-27 18:09:36.64185
93	Miss Lionel Trantow	qbr459fnef3gfr6gd34pc625gd9hftx8rl428gbuqaw50j4o0n5jm9nzraxydhwtn28g6uab22z03ss0im6o9q42c36bhgti8w1bt2panitb4g8wjyxdhup8pdhjs2v9mfqwrv2ttet9qbnpz26iodil0ld8fpe2yq17f5cngt1q	1	19	2019-08-27 18:09:36.644418	2019-08-27 18:09:36.644418
94	Graciela Barton V	a0v0qqxl9o7k1bi4cz515ld42t3eala6p0iszg0hncpjgk4xbakrdqvcoavm45n7ylvk6g42n4cvychceryugh16dq4uspbv10poog3dwst85bruwf	3	19	2019-08-27 18:09:36.646998	2019-08-27 18:09:36.646998
95	Giovanna Auer	jn4mjlf78l295jd5ru9c8xmfcjvg4mp8ae3y1fr8g7wd23ivr24e15lgfizd14sn4j8aihz7loulpvhlr9qtynz2l1q1e774qzhoddcywhhuzmuvzhci5u79my6g1yqo8a5ot1r	1	19	2019-08-27 18:09:36.649568	2019-08-27 18:09:36.649568
96	Leora Crist	cup5y62mb99dhxd436ht1gkfrphpmuwd4ddm94x38488qn4j3iq5n5vrxr8tpl782zr0i4xn6r1ls0gvqc81gazegu8qrh66e5pbsdz7vnq4f8z8lzrltsnw01z0oo779lj6qm2nib1phb0pcx4vwyhdm38xtjzu05lo6v989exn6kwisvh0hrlza8m95wdzm88esj5fbo7u21sh65z0nyyeclj1	5	20	2019-08-27 18:09:36.652356	2019-08-27 18:09:36.652356
97	Miss Lu Kling	wfsmtzty704nspveqf7xwsgjlaj47e4r0vz7za2xskpnxd17y69glji4mvblbxm50icgvyxsxx3vhpehioozt510qbspzv4qrfu5gsw1vietanr2qbzy0q6u5ehmbjmt2x1c9b5uzfhnprxbmiv4ryhevit3x5p4ggreqi52kwylrffz4h	3	20	2019-08-27 18:09:36.655054	2019-08-27 18:09:36.655054
98	Martha Mayert	przzjh80wqzeah93upzso4lr7396cgktibcnf4gtsxc0f55ela9t0533zd2lqlwmdzlnb30zucmg4mru9ylzt7a8q	5	20	2019-08-27 18:09:36.65753	2019-08-27 18:09:36.65753
99	Lindsay Prohaska	kxvujo5h3cv0967bf9n72e8nq5ke5j7mb3ohn99rl0pvgrb5ksqlsdxiinxghlfzihfe	3	20	2019-08-27 18:09:36.659975	2019-08-27 18:09:36.659975
100	Deon Thiel	anp4dl71fbx1f6f505gq0bpg6xsziljpzwtf6ye0hq8610b68ardq9qyoq7tulh2mlet06aqqsq5m7xycn1f9f64ymu85tula5r3lhg4emi4zay5vyoiklo0hnbripyain	3	20	2019-08-27 18:09:36.662813	2019-08-27 18:09:36.662813
101	Mose O'Conner	c0ct89p1olnnrrudpn8tzaoy6qsd9yx6vxaidddduh0c0lygv1dsl60qhodd216lnqqeb5ivnw4chrytp9xwy2epx126gxwtugz2mxvxqa12wthaw0snpm6hi2iynvxeub72iuhwmengb0esmnvlvqkobotcafqasawo507ak2fxbem5iu21r9iz5mqnuy3qau5wsd94u7h5l6218ka4k8gujxhmxst74h9z	5	21	2019-08-27 18:09:36.66573	2019-08-27 18:09:36.66573
102	Delora Okuneva	ehgrgtysvhz67lkj2q9qaz0io61uf85i1k4e3b1ge0lwf6wnaxrxpbbh0micygd2a5ff6zzb5k0n8tx8k55tk4l5qerom8i24e77nyyngge6p9hmm0xbtd3vtvxae	2	21	2019-08-27 18:09:36.668127	2019-08-27 18:09:36.668127
103	Duane Mitchell	ag1dlgyip75rzwb5yxcivtyy2sybbxvc99nzshy7g78d4akkzj3mfs54brdpqw5uoso7h9825s219v9pkrha6nikcyn1a2gv7e8a7qn77bryxjynql6w569gmed0ampkpih2g8lgggv	1	21	2019-08-27 18:09:36.670503	2019-08-27 18:09:36.670503
104	Madelyn Cronin	izur4mnh8uohbaditguu2pp2o37jp5ybrmnz9jo3y5hl6dur5mtxtwfum3ikick0uun00aj7t2ttsf7xp8bmrt09xcln57dkijnv6qhsmg7ld92lithxi8b5rmwptpdefec5himoiset49ij618lkkjvxzb5rsu5q0gqbzei3g0jfw2g3sllqecq97ghztxqb	1	21	2019-08-27 18:09:36.672898	2019-08-27 18:09:36.672898
105	Edison Bogan	iiq5rf122vwyvgu4jrgwgrsixn6lmywkri3u39wz5eu2cbalpxfv8tbuab1tgvnid6i4w0iwzfzoyrok8jg8ihobv9jyhuktlji61blf6v4bicf4e2782jp51v65sahodpk9b518e74radir6swxmivoctr8ue8axbeyyle2877zmkz8itc6526paq8ldd995bm3uophhwlo9c0x8in9isu54a	3	21	2019-08-27 18:09:36.675366	2019-08-27 18:09:36.675366
106	Lora Donnelly IV	szqa1z30ciodsfnh7j1dz5s0kmbeou8kkjow4bavaxf4oydu2d0mpx5q8tm53ze5efze4b8	5	22	2019-08-27 18:09:36.677931	2019-08-27 18:09:36.677931
107	Vita Daugherty	cjci5cexww82wwm2ewpncconqd0mybonjlxz1j6z3cqabnoz8z8sb9arljfits1gva7ttu8c7d677zt1s52rdubjew3vl5ehao25c3otz1su4wt110xs8502rvpkeaygjdy93e6m2kplnclzzf2pb34	2	22	2019-08-27 18:09:36.680452	2019-08-27 18:09:36.680452
108	Ms. Jesus Wolff	jv0wzo60py2ckj76x5m7avw6kdp98rmmdmtyb722geue2pel8hlgrjxc06h7995cyn	1	22	2019-08-27 18:09:36.683042	2019-08-27 18:09:36.683042
109	Porter Schmitt	2sapfcnwxtn9lcvlrrzd1g8wjyjlqfrtim6q8ykyqneebwks4wfo7ndws6d9i1qwqvnnt6fmtk8hvu2h5r8lrih3x80	2	22	2019-08-27 18:09:36.68561	2019-08-27 18:09:36.68561
110	Larae Hayes	7bwqjfl4l4mm79t8xbytsdpui59kv86jjjwgearlqlfswyuyqyk4cxt6gb06lawku63l1xn6jedcacuz2p5y3682lcj9y2cnqof5i1yidzpf062tf5r5ac9mu34d0c253yhpkp10rjik1dqt5yc6xp8v5f5yuamsdhkvznr0eo5yjchigo6tfj3b5yjkp	2	22	2019-08-27 18:09:36.688402	2019-08-27 18:09:36.688402
111	Peter Brekke III	1707ebw9eyf8upl9vbd5msa6yvrwx0aqg7kqjlzp9k5vef7ihra9ct8ytykah1ia3mat0lhkaeok5tz3ww2t3cl0wvz22a6hr8ux3g8rbwfkqlx3	2	23	2019-08-27 18:09:36.69094	2019-08-27 18:09:36.69094
112	Mr. Josiah Abshire	15n6lnaf1cq1i2nml5zcaaxklvubi5rgl9dfr1de3wjmoisckpw3a77545qxwbo1r1wtl73rio7p8au6qwm8uwneoxy7g4cb1g2d5267ohaypg59c9rqcevftfy0g1pkvimk1iabw7kfdaz21vs3k30nd0l4ye7tk2canszz5tncw3bg7kelhbpk1p8yu64m7k3rf9	3	23	2019-08-27 18:09:36.693622	2019-08-27 18:09:36.693622
113	Miss Lester Hartmann	3aoitjslhi7y39o6derr1g5galvm2a1jv9e9qzvswc0ww9rc1uj520fe4ajitigj6ldiwzrlivhfgci8gura8xt1yo46c6okd2bk647kfcznb3uv58i0hocod3jjsf68frw	2	23	2019-08-27 18:09:36.696134	2019-08-27 18:09:36.696134
114	Dr. Bert Williamson	zmo2g3wtk37vdr1opxzeiswbinai1cfgepp9nwr3b0uof8kyn2h6yfysvof36zpttfd78glfxen9o1whd2wyk9y5s208p6v1lx9077rcgqg1x1lc1b9c92c9qud	3	23	2019-08-27 18:09:36.698691	2019-08-27 18:09:36.698691
115	Wallace Muller V	e1gke5z26v80jdkbp4xfzqlx2pvyvkj59wa94ucyixhkzsv3fy0lzrtt5jfpu00jlk6d1bu9mkey5h9itjld41kjvmzqnvg5he7cw4m226hf99uyw887cdd1ejyfjyc0ja5fivxcpxhz4f	4	23	2019-08-27 18:09:36.701261	2019-08-27 18:09:36.701261
116	Efrain Lehner	1resb7enearwmuki061btrc2wzqxvtjwb6d9c4a4twv83sbl9zsyyols5j1gqqu43ou3a51hv0k6izcbthibsdwthkoqyjrrds078ptbikc80hvhwe90tdqfiuo86tzwj9jdfhig55iz35vng7y9otskln5k1hfhsersc8q3v06236hpk72dko3rz5r	4	24	2019-08-27 18:09:36.703875	2019-08-27 18:09:36.703875
117	Cinthia Bergnaum	ifo9q65dp60drovdzhai34v4toa25etf4jpyvb9dlb42squwvsourgkj32rk8achq3h7s6bs9f501ainotplr45d698jpcbh7z	2	24	2019-08-27 18:09:36.706513	2019-08-27 18:09:36.706513
118	Shala Olson	oc01p58fqsy72kwtnah04vbnf4hqditgph33r0uymfkqnyorgdeg8pypgie2kjume6l4onc91ouiqfdb7ljkiiyxddcsi3lmeb2scapcgsy8vq6v8kec7j8gpywf3tcd5	3	24	2019-08-27 18:09:36.709128	2019-08-27 18:09:36.709128
119	Anton Heidenreich MD	186jmbr0snk4qkj3eztbggmn1lrrreh9gyunvxqmjzj6481f4cnhcne08vhfcuv4bza0fbg18irxge9eg3f4y0zph9hz3r21hz4qj0f4u0cfu903d9uan1qo5pzpvdk3w2ah7vuswl2l5mktjz8c9vdqbke5tiocg462elo5v4bbf3nnl13psgrjwuh2l0fl3cyiw0wtzgxyz21i18ogdl121	4	24	2019-08-27 18:09:36.711869	2019-08-27 18:09:36.711869
120	Hillary Mann	d149q1sh5gy9296l9jag92my9r2w9otz2liwkag1k640bnh0d240fr1t7f1w36ifsplfj882akxol2ktdivhuim1jf5uxggfblvaqzhuulpaaavhp4slibzus3jciphnhagh1pkrpvbsoogn1ez63trmayo4bop96a99mawxupk3yo1vswyq6iddpnd6qa75vddhdnvffkqafjtlvq38kyrny9x0ljcs218mvlmnwccjiw4yp88fbk	4	24	2019-08-27 18:09:36.714503	2019-08-27 18:09:36.714503
121	Brenton Johnson	osevfk1pq45c4mlpy2mum1sclv2ut03t6o19j793i9yi4enbovcku6biltfw75den28zfbnmvgglbtbx72zw3fiwty5wok9gbw70rbpmji3k4tffr0jmmniuxtuyevqjgejt4l8yq5xhhaei91eij9a076wzf5geni	1	25	2019-08-27 18:09:36.717049	2019-08-27 18:09:36.717049
122	Emory Koss	z5khogak7fxv30fq8en6h6w4kgn5f5790y5bhvb6ju3arp5265az73y7uo7eu9oa3j3o3pjxdi567rsmvjq3uedgcjsbo0fhccs0sy9c	3	25	2019-08-27 18:09:36.719611	2019-08-27 18:09:36.719611
123	Mr. Elenor Doyle	mmkpgz4vbuha787runwp0f9jiqwlc4k8eww7lqxafwq0li0hhfm2r0vaz60r29wthtj277o0vicxkojtdx1z39s8y0dhr	5	25	2019-08-27 18:09:36.722244	2019-08-27 18:09:36.722244
124	Halley Bayer	wrktwtpl7o2nvs0rzabteiyojo46zyk249y3x92jdwv5kahlxx9uubafqfq10q8bducdbj35wkaxsmyo051reri9y1ckno4t99bkrqztuaheezawi1r18adk0toq3mkh4siroinqgyt4tm01eovxpj7soqw7cegoo9yuc0sv5h2nrix8w7ncdzit1	1	25	2019-08-27 18:09:36.724848	2019-08-27 18:09:36.724848
125	Isidra Bergstrom	eb17j43gj7anmzfxaqiwbm6zc3iqtprhp3pyq2sbxl6d76xrtwgku8vx3bxwhotffpylbgqsz2utzwmyl0tlqxnsjop9	1	25	2019-08-27 18:09:36.727441	2019-08-27 18:09:36.727441
126	Cecille Runte II	cvmvuj158ig9eqglbaifq5bm1duo9ixrjqbnmkm5wewkckvmu5hn3pne2yk6vkduud2lwfybs6amwxkxo0ljyz7b4k2imbb2q4bknojkd6he1et30v8c33gbqwssqe	2	26	2019-08-27 18:09:36.729997	2019-08-27 18:09:36.729997
127	Raphael VonRueden	m70kux0q2k8mkbdmyamyk9rsu7njwk5tvegzl300thgjv4ltao28ggiwkc0bw3qysga6td7u0w0epkoahkkz29zmrtqosc9p2xufzbxjcqt6xfm9dxi5anj0nz6jmjd4jw61ieaawuouncg2u165uh0aivqehsvpna00kzjm8wud2q9oc35vyzdc4ursrwc0ph9p6hfkyhsv3azsncex9o0fu0rptnnnucthbzxivmdtyd5h2n0kh	3	26	2019-08-27 18:09:36.73262	2019-08-27 18:09:36.73262
128	Daryl Hilll	t2wfar6fs86vuk5oy69v2zfh0ayvz4l19y0crvrjgtktg3sujjlxem204wpk692oh8urhyc4k5vfjxcij9	2	26	2019-08-27 18:09:36.735109	2019-08-27 18:09:36.735109
129	Ariel Wilkinson DDS	yjw4h6czgdlcxkya1wol7hr6ieckjkkxov8hesj1gqurck69b66d0kt4hhuva9fgwe47tlkulbk1oznwu5vvqh6zswk5mbhjttcyjhfrk2t6i919cqfimaxwi7nt5ftm0pkjoo7z5cjf3n8adz0ao4wqugmf65jj5wff4qwqi6bd3r7vb8h0ams7h6dwcptqcdu80st0t89eht4l5yunndlxqcw0brln0e1avf	4	26	2019-08-27 18:09:36.737789	2019-08-27 18:09:36.737789
130	Lanny Nicolas	ctyfozdu31vzi7d6eyqn0o0668aih67fejdriehjc0t0ekrli6w4mnlhlcyonmop4ssz1fw1pjj4diux6dmyoextjf3ur00y0vh6ewxm7j57f77djr43n1spcmbexyw8nzirq2nwx4qprw7qlj7no87qp84ar4md7xwv74ea353xopcdgddozi5f9hwmhn4a2ik8czyfntykkspfcnph9mk	2	26	2019-08-27 18:09:36.740334	2019-08-27 18:09:36.740334
131	Gordon Lind	r7lex1vhexgdm5r9od1m6ghtxcioat7ygbcyxwkm0fxd2oulthmttqzct6irbh4d5qysvufm4u3plvk2v9m47b86fgouftpisgkug78jzbthg0vnnh3d13b6mhp6wmgvv6csycgnif0el96q1umuaomkmtw1idl5jg8leur36ekfzjp4bg6yjiq7ef5tcx2herrejojs1jsx271wakvk5dmvlm7wkort	4	27	2019-08-27 18:09:36.742835	2019-08-27 18:09:36.742835
132	Elizbeth Blanda Jr.	4xaijphljg9z3sjkk7ppdi58po1gunxftqbglaeuw4qn82xmdqzxi8x85i6oucoi61sq4n59uj5dsd0rl7hjnfnt0qbqax2jqz34oi8q8ki0qoo7fkfil6jwf2aq5d0f6	1	27	2019-08-27 18:09:36.745392	2019-08-27 18:09:36.745392
133	Donnie Senger DDS	zylwq2oklv5an2k1xyjc7trvijauiiuttwi6jvporyzettg6sv59wk951t2lxemdu7dhvh805fmw0u1wralqrgr5ibs4up4juzc5skn81aks96l43ixaf68uwd8kdsnx1m9g4lg2kcae2432br9f3tofwg5p7eomrayylmbmd3f18n6x8bk5x53717m7xz1nel6nm2qoc23gd67qzvgvpqtimclr4vf8jgmn0pssnoz9ymzau3o	4	27	2019-08-27 18:09:36.74801	2019-08-27 18:09:36.74801
134	Shandi Rutherford	i0vzas60s4qdtp05vi30ijux7p7q1ouzm7yphk4xdqv30efypq1	1	27	2019-08-27 18:09:36.750483	2019-08-27 18:09:36.750483
135	Miss Marissa Brown	7miu494e2b7u9cunec1dvcgtpm0i8ok6bboccto6slyyyoonzn6rtupamey9fk9jut8aipgxhro73erfq28f0wpmik24usv4qvirjk4bel7c7qctlx91zzzhw54mxdu31pkuq3	1	27	2019-08-27 18:09:36.753073	2019-08-27 18:09:36.753073
136	Rena Kunde PhD	145ntq0qiei6f7f1xh9jpi17ootidmrjidgov9665dlddl2esxms55m9l91jd2t9f9oqsmlp5vo5n4e5aa0ufuh8lgxt1p1zghle71jnub13mj541amdlj39nn2f0d0hct1c6tdda38n3g2mvyxqyd4gtvywui8ljdef3x33l2n1gta9rohen5vxml28vqqpr7ubm8nt3tn1vcb27jgth1xlitxyvro0	5	28	2019-08-27 18:09:36.755781	2019-08-27 18:09:36.755781
137	Ofelia Hahn	77l3vxvc6fb375e4v7csh5rua1fmlheuqozpbqcis7g1y6kgptcq52yztqgaudgw2n3wuao8u0pprjxwv3cxcpuowpb4zydeogjvd3hxz	4	28	2019-08-27 18:09:36.758583	2019-08-27 18:09:36.758583
138	Roger Hand	o7z7t7k3jeph8njsfc99rkoe3uftnb1j8iojzdir99tm3ckpihso0f48qm6aqajlgd641qyxl231f9tjbl9qjpm44lgyhfrrofsg0kioh4bee8nbcpi4nzks7u8yvrhd41s5q8qgv5zwr27pvfyyrr44ex2shkvy06vmuz6qj18wg0fg53pi3xt4sq4v8wosur5cpccc8iha840b5bikqjzisd325z2f6y71zii8yl7a7kfzn6	3	28	2019-08-27 18:09:36.761412	2019-08-27 18:09:36.761412
139	Grover Willms III	q6pnv9kkr8s4w4vzsy50i4ove99rnx62ry2a849ry3ugxxchc587nv8v4chlum2o69nxwtz341e7iy6j0k4pth9km9l1nobj2o9ce1tei890zmoqs55trmn9pduhwkrw789ogjxcfg68zbc5z5n4r30	3	28	2019-08-27 18:09:36.764076	2019-08-27 18:09:36.764076
140	Bethanie Conn	1hq7phmzgy4hpwn43idxw9brx90oy41536vea9br8vbwfw8n4bwek6ryd09dnvrz7giwon189xtq72ihr4qtv	5	28	2019-08-27 18:09:36.766595	2019-08-27 18:09:36.766595
141	Miss Stevie Langosh	mgmhhnrpnw281vv1yjnfl2ks6xu79tvvpd2gc96x8r7ulr33ezmyxb6adsp8o4za5n7d514mzaj66i8ztn40a0w7phemwrlcn6	3	29	2019-08-27 18:09:36.769306	2019-08-27 18:09:36.769306
142	Todd Kohler	7i3dijtvy6vl6gz87r4j6lt65cykah5ag6i4g18yhsxop8fjm8skokjecl7ukudddms7jdhihpltupbzi0dpl2731i3wxks5n87od10jp9p0c80ped4yux1u4mphq3k858z5bl3zu8wv1p1ij3hk9cycyul3f24h2jz8j9kt7kjlet834vjskb8ojcva5uprmsrahz52ajmwrhy2l3irspb4vbrv	1	29	2019-08-27 18:09:36.772034	2019-08-27 18:09:36.772034
143	Armida Collier	y1v7kfd9wsgiz5igvwhuecb9lbwhmhqj9ug261a89utjcq67o206vshz8rj9gi7007h4m5aq8k7dnzkg56o62qc7fi6pglpk6iil5sx2ykd5agw57gb755epplaoypceagec6ly1btpo97ratsow6k58k97xseyfnu	1	29	2019-08-27 18:09:36.774696	2019-08-27 18:09:36.774696
144	Mr. Chance Sipes	t8j248t06d3u5oup74ztdc9bl2glhqp9vgvyhys081kljl75p11a8bwnkjqkfz21j6059v5ng5v3y8y6z2kthhl2t3xyuw5ofb4kma4gliiq99emcn3s9clymb6ciec9wd857iwct5ijbjiksyti8y2mqp3fe1gl9rs82ju2knm19fd6xsumqlj8qtf2ywdwldhde7vkgzjpre	4	29	2019-08-27 18:09:36.777563	2019-08-27 18:09:36.777563
145	Jamey Schiller	9j5ztd2s3frlczdjvpmhjyojegp9ql0e2vo64ms7vxde526afss3ab1kp	1	29	2019-08-27 18:09:36.780105	2019-08-27 18:09:36.780105
146	Ms. Jamison Von	ln6djtkku87d9t0dzmo9mgrsd4pcele6f4611nb2crxqjk48ioghxdcyzhq4voiy6386yekddkqn225108f4r3axilj3nf8gwkozypdmkn7iz42ww5sjzswdql4ora68s3b1b13962qool6	3	30	2019-08-27 18:09:36.78282	2019-08-27 18:09:36.78282
147	Edwin Willms	tva4qw2xw7mao0y1losoan294yfqw87duxdz7qzlljjbfqewbzvufyb8q2pidqrdq3zddfvopbq2f6yymcwkjjypbm65myv0r845ag5xjfr60z8vdcn4vb	4	30	2019-08-27 18:09:36.78539	2019-08-27 18:09:36.78539
148	Arlen Schamberger	almoizdldqhn4s0d9j5i5kzekr5ud4oa7inv9hxs2tsf17oj2p48z94opsqu58hx70kaiuhyz70iqfmhgs3viakexs7t21jy873afdl9xsh6t	4	30	2019-08-27 18:09:36.788013	2019-08-27 18:09:36.788013
149	Marcos Kerluke	qc2ra0wrad8zm69mei0vc9q3sexlo7i9nsnlcwfwbj1si6qba33787fq5xmxmxkviy4cjjgbjnpwwr	4	30	2019-08-27 18:09:36.790674	2019-08-27 18:09:36.790674
150	Mrs. Josie Dickinson	stkng3tqah6buxuhr80dlvgjtpkf3k14nymp7wkn949f9qi5g3uv9cc1g6k8sd2ib1bdcrlekxlgs1qkblc61i7pcaiukzj5k0rsb6ddybbi0k1zui1zs8xvwdsbjghxxui9l753kbcfz1z764uusidki7tiwc9f46m2qwblyy0dbors0iihpe2cy4i07jbw9bihj4fqnbhhqoyrnbwzr4qjpkwgf	1	30	2019-08-27 18:09:36.793439	2019-08-27 18:09:36.793439
151	Humberto Fadel II	eprirx367wfr1nlh8vy8gmxx1ay7jwx85dq2g41puezxpnek7m7toqv39v3vqych	1	31	2019-08-27 18:09:36.795971	2019-08-27 18:09:36.795971
152	Tennie Schimmel	px7u8klrydp27igtivgeti5mrc4e490k6tqcq6i4zawbxy6sophfd0k5azickrai17bh38twrfm750q6tsd15ccaj662zfdqzt9m9ud5mb685d14csgmeo4vrbmvnfixj0kr93u393o4tkhfhf170cx85mids211d9ui8ihkj3l8oqdplpuvancv70ebe6lrx2zf1hpjo9w52oa2irmdjqzi3t	1	31	2019-08-27 18:09:36.798659	2019-08-27 18:09:36.798659
153	Silas Ratke	cr23gf67oka8tjmiuq2lii4pymlv95m71z15cy9pgxpykou8f7cteh5xxvufrlnpceyhlk1iiirw3r2tazs36f2f3ow7991q6myq6qxs15psk37d4jedjadzp468qtlw7lwcuwymer2d17mdwf9wgs15vcg6ew9s4gw94cjyrlvufsfwf98tzs7mz4kccsm5dc5r6ds6azyju1hyc69rydj4a	4	31	2019-08-27 18:09:36.801645	2019-08-27 18:09:36.801645
154	Victorina Ebert	6ktnlf0eig5m0b5n17jn4sxnftppo5td1kkyg1w59ti2shwbmiujhhg3ehagdr1xvmkgzcmo6i6ewhtsltus4	5	31	2019-08-27 18:09:36.804226	2019-08-27 18:09:36.804226
155	Mr. Rosamaria O'Keefe	gdo9b2fscinnhwz30d8je0tlxxs80nhk5qa42m9gnp1cl053xoz16gog8r9b4ta98r0dvv1fuqyq2htti8l3f6zelka4dwrb2bfaauw	2	31	2019-08-27 18:09:36.806773	2019-08-27 18:09:36.806773
156	Fe Heaney	wpimgttz9wcn9y7tzrfbi4tkmx9cod2kivdh3tadpphikkf0x1kmj4snedtj7wibkcs4j1ws060fp433eecq3xjx79omw0ty2pr24zkbmxiwzcfpx0xok96x8v8ujk236bz0mrf6f48uzyn5dt3o54ekh7pr6faynvyf2bkcuwvddd5bpnqpjhcv3cs4hcylfszhcwqftjfahyxu	1	32	2019-08-27 18:09:36.80947	2019-08-27 18:09:36.80947
157	Cecelia Quitzon	qpchi2s1a0akrrcmc1c6x8ttczgbnsvgvw6g5f6apsyxn4nwqufxq6nro1qkzftpcr53ow2zd3qqvi64avo71ygmf34axtpwkyoou0we62yn5vfprbjy1l6n5f2r0o040eoxxymn127w1umgp7x7shnnhpg5v7c5i5i4r2a3qgkbmi981b7l	4	32	2019-08-27 18:09:36.812088	2019-08-27 18:09:36.812088
158	Lon Welch	1euhjwe6z9jav86q76fyp17j2hh2p7xhn4jyqbo55py8ccunk1tmt28qo2rd7v9	2	32	2019-08-27 18:09:36.814575	2019-08-27 18:09:36.814575
159	Royal Crist MD	qm9km0t44xpk40kjjv56y2twg39mjk8i86y8cu7dr16p11j040dl8gesy7hxhw6c3u0yyawm9tj2k1llf72rtuo2hsazw6lafen89g0r03aj8wsucp88524n	3	32	2019-08-27 18:09:36.817241	2019-08-27 18:09:36.817241
160	Garry Jenkins MD	92gtwbxtexya149645lh0j2qngioqjg57nrr9292ly1lnxop9kw0sy0tl2eigx2wt7uvv54ezmtkxyuyyh56rxb7jweb12hi57ei2kdy1pw10qy2hrt484n3xf22b6xqc02gkffgybu0cf52qaf7fgyhl6qgvhdc3pth0eimmolpag70ntwt3a9idab0rw3x7y2l1phe9aw	2	32	2019-08-27 18:09:36.819939	2019-08-27 18:09:36.819939
161	Dr. Teddy Beier	lrkx6vhse26g84r4l056nec66slzzm6lfqp0fb824difh3mivnmea77nvda0x4cvgtfn6y26e8h0awkh90xdd1gj04z8zrflnvpej999o1f0cha6dme93tp7h56ni9a1icdvovufimrkke5p7kzsditbxwnrdtp7ml0xaboq9f8b	4	33	2019-08-27 18:09:36.822619	2019-08-27 18:09:36.822619
162	Wanda Hammes	jtmrydwp9bpvhunutxfpnwz4ord5fswe4mfekvjk1azgcm7nvy	5	33	2019-08-27 18:09:36.825111	2019-08-27 18:09:36.825111
163	Tricia Barton	1a0oyiv6baoroz488wggf1jspbzeneqay82bp3fv06bufxyorqjvrl920q9uztd57o5v8ys4vt5nwsm4wvrykrm0nr89obifd1bswl19tf4r8aqfein9h0utwtmnw55r768s0l390lxvbh5vaxzb2t1mosgxo7nzdeanvf634ck0xozt7v0uxgdey2krfgk34p1x85ey6p4hpv4nya	4	33	2019-08-27 18:09:36.827802	2019-08-27 18:09:36.827802
164	Marquis Padberg	1vy1t0wr78u3jnyji0ugqlprkyw5yl8at8wgzqpp18kkbtp0nxa9zqjcf1hi686izgewz4kip1gl25o1za2f1r72y9czn10t76vkqnpc2xmxyer4w5hhyk60lgf6p3pvkumistgkf5rmv618yi5u2cwj7wu2h0l6yeikg6ko6vfvnlbl07e4v684z5bq0qq	2	33	2019-08-27 18:09:36.830502	2019-08-27 18:09:36.830502
165	Tennie Gislason	0q0n149t0dxwgshgapia73ivkyjkxsidwppf7dfevq3blbwxh8qccnah5nlhlgk5ma6ygdf6e3otizadv7q674orx6oopzv9qt6bu09k7c68ksj6585dhoxpbevqoxsj8ixutv7mt2p0njhhumr5ysyc955h24fmvdpetddwtgojmyro	5	33	2019-08-27 18:09:36.833282	2019-08-27 18:09:36.833282
166	Corrin Stanton	tttd7oet2ylgeiacz46kz8ngyvez3odmcg6udzjatn4p5xcyqmtj5odpzaj20rf8yqfsx8hp4a3wikcp5tptbbitpwr2d07anok1ga80tf4pwxvshdeju1m34c1ufwgchnwyq5ut92t6lk7vbc4t0axe164v87v68auin7u1bvhhl97y61n3g4x1n1l064ku0e96pcxgq8zukkpw42yid0135bmfpsqlh2t7cosvs1wjc0igbk4rymm	2	34	2019-08-27 18:09:36.835958	2019-08-27 18:09:36.835958
167	Clemente Marquardt	jpqcn42lyhelseno2dy8hqlepmstsa34i3xsu9cb76k65fkdxq4b377asnfhiegy08uoinw8r1uk28k0frqmoz04plh52fylnvhu7me12e32npyjy61nwbaigwt611xc61uon98cy21zuogamb7fggfyxzdufq6	1	34	2019-08-27 18:09:36.838574	2019-08-27 18:09:36.838574
168	Merle Hessel	2fft01736o3f34s882ggmem4payfilxkjfpe73kx4s48fyoyqzl1z2rxgw91zx3ihc7g23qx3nehwd0cfwqd4yv7leg8cvdvk9vw0ouhy4kqqozq560foqavw2a	2	34	2019-08-27 18:09:36.841105	2019-08-27 18:09:36.841105
169	Manual Stiedemann	hw1p4ng1u2gsb68a3citq5xcwtmh9ho51d5vc4bfoozmy7hjernwl5y2rcl1reyn1hypihavjh	4	34	2019-08-27 18:09:36.84379	2019-08-27 18:09:36.84379
170	Olin Schaefer	3j7s51mqujjyjf2kvq2drsqmq87xkh9s1aztf3s4vza2y0gk17rab19s18og8ywycgndxcn4jnr2a	5	34	2019-08-27 18:09:36.84632	2019-08-27 18:09:36.84632
171	Jeannine Muller	4o6yvlqqsxljq6oo3mcjaayyr0e0tbv6pi3c4iuimulf7hd3igymwy7sd46usdot7vjwueg9yubdpnkey290mksng8hp8ya34h2d27iouuvn1japjwhxsv5qqwobu1jxfig	2	35	2019-08-27 18:09:36.84885	2019-08-27 18:09:36.84885
172	Craig Wehner DVM	c3i4ai4od3hqt1cpz3355ivstbxu95b2z7cvj4wy5z2cndscxnkfm0lnhfe4f718r0xx4chfnrdmklfhxeo67zsq2cih3widvsb05ws1pfympceuz5ohiejp6raxfo7s2	3	35	2019-08-27 18:09:36.851439	2019-08-27 18:09:36.851439
173	Alan Christiansen	puph5c6yieilfijjyeqy277d8x8w0nweieuichb3q34kjmq6gvir0vkay4d901ndtx72bqdg0zgwfet44owi9x1ycmxe3t7emqt75g8ib9txvtw5gndh1lu7mpjmiu636tttla7o8tybgo8ny3s51zc497py9xjek1px7xyh77tfa1ewtb4l0rnm42sk2bxjafqxu9nw2ld3jkkvl0hu4i1faaoy53ltzf57ooubrzf9latdvpyr6	4	35	2019-08-27 18:09:36.854092	2019-08-27 18:09:36.854092
174	Keven Murazik PhD	tvjk291gy0gamgcen43y8j8tz45bceg928olvxwa5wg973f9b3bc186mpztquf9a7hwgqa8q6yx9led3bxsgk19jqqav4flyp7334yske758cg2x7y	1	35	2019-08-27 18:09:36.856921	2019-08-27 18:09:36.856921
175	Annamaria Schneider	fu9h5x2qi2803kf870u77r4sdizcexi31t4bokhgtymjyfe94vmysjpof4nuluso90vo2azl7xulnoq6koju0g5kqt78u4pix767x1yfxpdqx5btqfk6ztfpszguctfs1d29ixasv32922snm9ue6l5bwjgdhb3g2y38235lftdhpndldhye5bsoabhwxgybtiizvx05qa7o49lhmzzv0pxzqbzs3ura0d0cd6y	4	35	2019-08-27 18:09:36.859627	2019-08-27 18:09:36.859627
176	Maria Green	6kvxa12fgnvuklis8dl2ofvn3u6anu0lke0vq6h4sqtfl952r1tbgicg57wqazk394vk27xtmq3e0dr9rivbjoux3ymi5wxky4oeb3llg5anv6wkqajzszzdi9b2kw9edb2xezulqxv1bmh411md78x6qk4njku15xcil	4	36	2019-08-27 18:09:36.862256	2019-08-27 18:09:36.862256
177	Dr. Lewis Bergstrom	4wuuotmq45ve2klr49djx9v103z62w1ojb7rozuauoy1ugni87sl4o2jxikfop4nzdau1fprvrfyt0emmaeqb7lnxhb32kqum37mk9ju4ssevr5i4mzd45e7kiujjtzv06ijewi6ao2ovqefcydt7okcpk8hyzxiducc4qcbai2p6gafodlf91tmdspl4p7st	1	36	2019-08-27 18:09:36.864876	2019-08-27 18:09:36.864876
178	Torrie Hyatt	3w0rypz4k55ppiyzhvfa8iay5w1myursp72ck9oxac7wp3069pzxvmpj7b5daatst5b1sqktng1x9l5f4en18cgu1bvru2bj3uvcy6tcztgfer7922qy	2	36	2019-08-27 18:09:36.867417	2019-08-27 18:09:36.867417
179	Eduardo Ferry	w9mtwuscibpq4czw6ot6psl4lkm9cms6xu3pcxmmojev5m3is63371icyx0o6k33dp02r4kso316oy77bg7xa4ed5qwz1leg1xltmduwlghnydx0albu0l587r1qtpw8y32u2sslrnodz96ejfe4afchrtta	3	36	2019-08-27 18:09:36.870016	2019-08-27 18:09:36.870016
180	Elwood Towne	cpc998zs7y4t86g2j3wry5t5714psla62xu2x8k9cieeh4u2invn5ck3xv0pncp6k3a069u5xf4tqo008az33byy4wzmb2jprfx0rc9tgsbqiefgr3udjxbfg95iuys5ao9v8ioh5kkusrjf18sxah9cch5d1g66e2f63jrtqkiolsurvxzepssnruj8	2	36	2019-08-27 18:09:36.872751	2019-08-27 18:09:36.872751
181	Suk Cummings	0m16r31w9ne7rezx2chkadpw5o4th20s20bkv6ob1zpjfha81o3mbx9oben7csf5lxa9dz6jyoxflr0son1kn9vz3ef91y08f9zbxj7h9ikf1x0o7r1dplmr4r0rn2m2t7o688meurhkv1jandhmjo134mrvr76n02ufpcafm03qj8rnbi3sibg3zjyr40ympgfl1z9q3nciccle945bmb17rptrjf9txq4sn8qhoeluk62	2	37	2019-08-27 18:09:36.875458	2019-08-27 18:09:36.875458
182	Todd Rowe	tusbfuxq31f8yju9kxde6p9y2vvlguvj1butay2mrlofbm8xb72gp3sedpgadk7nxir13ivp37ctuwskxonkjeucwkd003knt8	3	37	2019-08-27 18:09:36.878055	2019-08-27 18:09:36.878055
183	Sari Gerlach	efl9kuqgj6nu8ogw4f0yp3g5umgzci473psjpfk5h54vxsohxq10ejpr	4	37	2019-08-27 18:09:36.880729	2019-08-27 18:09:36.880729
184	Carroll Mosciski	hj03ssfnzn4lxozi7gr1g9qvktan4rzqs2tdpwu8c7kh2ttidsc8citl02w8ay0fqfxd00d1m5enaoxyt9m7fls2cpynt3ipay1gbs9kzkb31ufmyxr3v8st3rgv4ckbw4n0tdk6e3ajyf3pas3unu9rt42bx276u02jdc0udvcmvc8vjsuhmbvbq4axliva7at0grgprl1l3mktxm0mkufhdbcnmyirue0itszv5599yd0	1	37	2019-08-27 18:09:36.883402	2019-08-27 18:09:36.883402
185	Ozzie Hintz	8n8p5fsv8ughq38erf4vdjyrxb99fb132x499ec860wp3ak6xzx67u92y2vc27ku0ctufevlhkc7jpnydvxq0sh9ddfv1rejsn3dn9ekvya2quou9x2ba0rg5n004kpfuiiaywgqo9wtivpfh0gan2gzh6cmqet66wx7jqr5qqwdzhmmti0mq3s4m0kxnjsgwrefe	1	37	2019-08-27 18:09:36.886143	2019-08-27 18:09:36.886143
186	Ms. Grady Beer	6vkwshccgmst2pd6tk3jjfa2qgo34k4az6uwx3cvh9gm2v7zi66dm2izq9g9osf4b2prkn	2	38	2019-08-27 18:09:36.888673	2019-08-27 18:09:36.888673
187	Sergio Stroman	yikoxcr1xe0ounk44k0kzbii1gd69xkwcrd1hsjrll1v7iktwdpbdw7rop5uz87uv	5	38	2019-08-27 18:09:36.891129	2019-08-27 18:09:36.891129
188	Margarito Nienow	dchcgjmtguz2hmidcxqwjxgghpyc6wqap1b5adxmaqq81zhqpe9hzo5vhmao5r9mczqlhgx91or88lag3mepazwdhpvytbdfk3cfi6xfx04c7olqvped2nzcifstos0hrqowaqe0lngw1nqe7ijhbsak497xys9b2am4fiv7nvtabl3w1r6eq6bnjb9qzsudk61cfgljcy2u11pu1dj9vr4dw9rwvovycqi76zbdvgpjm15vknn39bzi6	2	38	2019-08-27 18:09:36.89382	2019-08-27 18:09:36.89382
189	Brenton Conroy	tr58fmd9k26yjgvy1q1ovtmhe6sb6ayspnq1m9ieaa4wggxfb0wido393202jw	1	38	2019-08-27 18:09:36.896353	2019-08-27 18:09:36.896353
190	Earl Christiansen	hoqm2j4ntfvmcapcnrmlwzmzh41l1ju0sjz4rl5bd352ewe9unvh163474fasp418kib0d6hn5kkc309b6hxm2ikdvw5p698tvyk9cgbgqjuw5u2gzv5a4bihptcvss5qk69zyx98uq7utv0mzobnq3unxrcq591odjesk7fyxezkjflgew697rc9n9aafzr43nr8xzt62jbnonecim6t8uzr5mwe0skf	4	38	2019-08-27 18:09:36.898986	2019-08-27 18:09:36.898986
191	Brant Ward	cfwgv2d69fdiadfvkj7mguipnzq69ktwygz7ou959nutwd4fxkca2h92yh1oonp6ncvjl6k6b9liu8xoad4g4yf5hpfcyqlofvq38y48i7tdwjj41k4tejw75f7wp6wlmvrgrwwlwrxos62adurtngs9xkagwccrr225htwp4or1xlplz4qwbd0vl4s6xek99tcsaeo1mtepvppww	3	39	2019-08-27 18:09:36.90175	2019-08-27 18:09:36.90175
192	Willow Mosciski DDS	89hg8q2mppbsxd1s21jfvcj6fclnynzarowobx6enz1ptouvsb3cl30apvzwqp	4	39	2019-08-27 18:09:36.904454	2019-08-27 18:09:36.904454
193	Andre Johnston MD	irxi2r95yuu9w46ffode90m8rgm545k9v2kysfpmrgkeoisc5kny9g6kp5lwm0c0x8h25wz2e5ra7iux1n	3	39	2019-08-27 18:09:36.907109	2019-08-27 18:09:36.907109
194	Brad Howell	jbuytvmxg8ay3y53d5px5sbfx5002th3e48q90dpqm3l4cw67jdvp63el4fbfhigkcbk97h086895v4s5esigqjq9mfk99g3cxkj0k681736ujp07e9v17nhj0e9fkpf2urm04jpm6j2l5b29t0sbuljlnn2bokgi5d7ryiexh96k65nvbowg9zd33h1g15s1a7ehlsh3hrrld25mzmqjzntj08	4	39	2019-08-27 18:09:36.91003	2019-08-27 18:09:36.91003
195	Armanda Sipes	hlydqz1io9zk6562pzksv5pl8nx4k9yqlmy9tz3gc5y3vqlth47d4x1r0yo9zgj3agnpm9cxdj9likp3ipya5uobiv8nk0zp28y598z1h6zk50gwvpdi3h63tzz54iwqtjzee50d1o5j6v7uo3a49zex1qrfgfwl5n4nmbe0u0wiqcp4j9piqxrgdhsjno7	3	39	2019-08-27 18:09:36.91267	2019-08-27 18:09:36.91267
196	Chauncey Heathcote	t90lsu7wjopy33kkjvdk9o9hdjwknhynkc26p9gucyky8wmhvmf195v8hqwuy3yt6ga5xc90c0yjwakg6ahcve8y7uwss1xqs58mj9dyiqpd9i00jon08oej7cyyaxsgku54f5h5sza7tdwiz59mj2oypmt7taw	2	40	2019-08-27 18:09:36.915239	2019-08-27 18:09:36.915239
197	Lanny Strosin	s82ekoynamg3m4x14mvc8l970c56qhx401gue7se7v27r1r5is9qlx33e66awusuvuvcrv0i2ubauudn4bunm0zgyatxhrjbjih5ecagzr3iqakk8r8keph776plgp09js7cjkll2f48unw1rlxc4ccyb3k4ec8er2fz42lwxejt06algf9qebgrzhlebfn0nnhvdl0eyjgxxkdrygurka5yw6nx0qrfuwkmxty20ry4yokdqg	2	40	2019-08-27 18:09:36.918039	2019-08-27 18:09:36.918039
198	Hayden Schuppe	e2ornzir8masxrt0fdi6csw2iyaalq76dismfmqkjr30en69b3y8jzpbqgkraxkxzgokqit5vc0qk37kpi8ks5bxpqo8vkm71toiq95cvhw34n798jfrdo3d3ayikznfyb85r888s3whejg97ej8cmsp6jf46czxpkuawech5rcxjj64btau6y15siyoor8yxaqx915quyliduhava2jic7zv33e1b3kd9apb9s9xpe8p4	2	40	2019-08-27 18:09:36.920752	2019-08-27 18:09:36.920752
199	Nick Carter	kda8tt323v5ugqcpm7bsl7vl7gexnh8xbpjwm3rjbufi61n8t7ov247eyz2rwoxsje4srti83b6nnbzpo2wwj7zqudi05l16jbipnzkyi5s5gqwg20ee837ow95sz00fwsdhssq9sbhlfavt7t8gg23pcjut1d5nyv30ojqap1hh97wzhw51nvn8eyjcq9aw1n23qgnm3m8ua94lv2y5d9enp14bgefbqmpy714n1k0q62sdp	1	40	2019-08-27 18:09:36.923474	2019-08-27 18:09:36.923474
200	Jacalyn Orn	91k97xet96hu41djir8u4xyqmi5vvwvbyab0ctsp2rfwjjim8ppxdqb29obnn1dnl3vlluvvo2zbga53tqm1euuoorjpxpccewz0wrwo6j647h7fi9z2u5vrvd1300y4r0cam99g1yk21ht8u0ho6t2dsxmxsh	2	40	2019-08-27 18:09:36.926263	2019-08-27 18:09:36.926263
201	Mr. Janette Schinner	yzakuxjkbfkidzfcd88qspyzqglb3vt4lkd4ofldq3t4deqwnjelik20cu7wzy3t33agbh4sgqnlk1a61wpvc2jqzfa7m0ffqrc9ir08p99mfmhhi2r5j9x7v	4	41	2019-08-27 18:09:36.929025	2019-08-27 18:09:36.929025
202	Almeda Okuneva II	8a3uhnbvwnw5mqekqxl1kl77vwhexo64astvixwhnayn509fewxgg09rgiqzaba8bajcxhqnmeyshfue7em4pbh0neaw5boaukx0isz6uwdqre5g3mkj5w6lmoyynjzc5fwzt8r9z6e192lgxnswkt8n93rblbyvxwd8jnddzkliupmez2hbfgbo9t	1	41	2019-08-27 18:09:36.931769	2019-08-27 18:09:36.931769
203	Miss Bryce Schoen	tq3kuuz3uskdp2mexhq5ur6ztcufajf5z32fglz4alq0xd4jr0p5upfhls0zc9oegsa8qk35rxb4ofiynkyr4yp4rfjbi3e2f6ejed7ibkge8tobspovnutn660to1drumppco3uae5ftykbb2y35lbjckqm04p4i3ejn9wynwcpiykmjq430ectke8whvxq6v0ey53b9gnvcvzpwsc22fum332tevlarulhb6jb8ni49wieos6p9uzqn7	3	41	2019-08-27 18:09:36.934512	2019-08-27 18:09:36.934512
204	Korey Wuckert	ly7fh8cb7qamg58k4213zvmhsf1mutxd31hfrsx9st3k4fkja5sohcpyfrcd1gx10rgia	5	41	2019-08-27 18:09:36.937133	2019-08-27 18:09:36.937133
205	Mrs. Malissa Murphy	g26uuzk3w7s463e712lo2cucu5zlidz9yj46xmvk9vhg1uzn7zbriu57aiqu8s0qly8jcen59yre4vhuq6jnpvro82z9ci06ryy1fp0x0o86l2sjxcy80asyv8xwsaf8z6u1vdy9fh5wnuipaczh71jwbfoz6lz48o8rgsqcuwcahzc36fj764tn56so86gl158ggagr74ov1cha5twp6n3m67hh	1	41	2019-08-27 18:09:36.941128	2019-08-27 18:09:36.941128
206	Dr. Rosamaria Mueller	rst65vz9iep6gylnvyqm1braed18nm0sy3f4flwlie9cujpeokuww389313o0la698twgza4ossgd9oq86fu681zncyrvbe9nhc52yyluewitffe702xqjmbui3omjr1z905eb6gxhrhnm4k5b3g7denxaelua2wp83s0uw5ttx	5	42	2019-08-27 18:09:36.94384	2019-08-27 18:09:36.94384
207	Fredric Denesik	1x94tj0x439sx3l07064f5s8nfz0p8z5ncs15k040pcuxl04aryc2sjtnhjjq6xs64bhz9vlo11yxurk7jzwvv7f5moht9mkk6w87aciq5g9pxvd7heguaqxox4kvw1c6aewrd17rqiq8vc6pe8wrqwcxhr24nr8ieuby2khm9wefoniipqq5xdoc5fzro4fyqv	4	42	2019-08-27 18:09:36.946566	2019-08-27 18:09:36.946566
208	Frankie Hoppe	vnntqz8adtlg5m3h6q1jmoiyl4jmpekzvcgb61vezf93qudwwjmvzngc2yzn5m53t70zw9q3scr566wfsn94xljhtix40iy1ecnoaun0maf9mv4blsjsp5s8qgvtmb9nntdt1z140fhsg7dxjooub6ctvl8n3kdxiofiydrbkibt5pekkod2b3wetgq8tvv3f87tfk642lvvxn8xez57kbrwyx7ttwnn6viqxohsdp0i7jwhh5ehxfnaxs	2	42	2019-08-27 18:09:36.949262	2019-08-27 18:09:36.949262
209	Rolando Padberg III	ylt185jjqnsywj3xbv0zxlg2pxuv0e2rynu6wdg63mr8hwwoggsstvwliv37dwhdar89oilw5gkdjopbq5u0dqeygowmgvpj8kpys1bw9rlbkerojdk9xvy3eof5p3p2n6tdddkkvs1cr6q1	3	42	2019-08-27 18:09:36.95213	2019-08-27 18:09:36.95213
210	Lang Hermann	825ft51ihdvc4a5qd1oyem410ankpaf238kcah8ugc05lecglyga81lh1kejrq2aymau09ugjln307rfipjbshq5zi2jez1gp7ybt079su6o	3	42	2019-08-27 18:09:36.954904	2019-08-27 18:09:36.954904
211	Dr. Percy Lueilwitz	2834v37am0p9nb2255pe66gjkly77ddke5my86m8hn01hpa39lku3n5ezqim0gm6mhktxxiiub9aybdvf6jw0k35t29d904wj97iod1jyaury6e9hpp79msfva9grsbt2c9vvwtzh2vchlkal2bfsejnz8sjyrsg9ob6dzo	3	43	2019-08-27 18:09:36.957613	2019-08-27 18:09:36.957613
212	Althea Padberg	r39nk4twmv27o7i3ug7kfn09jng1a731e778iicixejjsneax3yvrmkpx9ywgjud56shmroqtil232n	2	43	2019-08-27 18:09:36.960218	2019-08-27 18:09:36.960218
213	Raymundo Torphy	yp36tjuy3fvpnbkg6abswlfit7x8ego6slxuq6tlydoddz0ytfv6js99p03k8df2z5es5a2l4pzssscs14y9pyydghv976e2ma3lakld7yn7wkyk8e5hqyfcz0jn8u2g2ydgqk725g909gbksb1rrq60b3ho1wnvab3pjjflhju8ri	1	43	2019-08-27 18:09:36.963129	2019-08-27 18:09:36.963129
214	Nichole Goyette	amkjtgjlmxtpndkufn4gs1kh8khk5csg15owetddqqegpfzxqkp6lm7xzkntyqzvcdsqanrywfmk1cujwc3z5fytgnq2rzkd7m2cgl1ocjfxx634ig0flih5nfh6ljs7p0blo4588bfkedr1ycfukyn14cmhmd6vp0e6fs1myh78stwys4iflazed3xn06bi2emnjysdrf0a2p4dtm4zhsoferr4vpe6dr90a	2	43	2019-08-27 18:09:36.96583	2019-08-27 18:09:36.96583
215	Corey Casper	qgxs53b1mq2l6p809mwgzul3xxovoooqdy69pik7f3yq6rlybfdqmw9ed7g0zg8dkhuu1zon2xds8e55zdk0y1lalg2yqaoljivochnuk2g9is0603oshj5f7g6p5zacvgj0madqy2iyz4fqx47je0	1	43	2019-08-27 18:09:36.968388	2019-08-27 18:09:36.968388
216	Aldo Larson	83pyo3m8ee0yjhr5xh72drytfbzwlkugv38d11jaapq2byni580zl72ntf36t6mlvlalylwjq0vnin38cxhyiae901vvs5slbmcxjiu3aqkn2axaf9j846r6nlkb7rry36h0avvf1t828z	3	44	2019-08-27 18:09:36.970942	2019-08-27 18:09:36.970942
217	Winston Ortiz	g872zc24ntu03ett7q3i0fg1lf9jhe5dn2szgk2ois974nftb55s09a2	3	44	2019-08-27 18:09:36.973266	2019-08-27 18:09:36.973266
218	Eloy Lynch PhD	7uo6r3pc52ha7myv58pteeq994ljtyl6a7vxlesncgl4vnhtmct9xp98mu6fa04eezb6ob0qhsuazkrdu9ftemr7gisz3vnf17nect94v5yzz3kt70a3qw2x7j9x9mzhgpwq4nxzk1upcww83e9q69326rfqtcq36u376anp43dozlcaro	2	44	2019-08-27 18:09:36.975838	2019-08-27 18:09:36.975838
219	Dr. Emerson Prohaska	ev9fljxn3h7i61j0g89bl657evx6lr05jqqrlrujs03e3t20j0jiun42rvki2q26ldt1ir7iah6gywuhwiih1xy4vdbq6jaeee9mlihxkjj0f4cwq6aqzft9gu8nbu0s70wk2gv4xxzzc4vdfunokem8u7skv4	2	44	2019-08-27 18:09:36.978694	2019-08-27 18:09:36.978694
220	Dr. Kyle Nolan	djz6dnjg7aov5lcn8jjaa8o2sqay0kcwedkmbim7i3yusj04z67smtq6zn94nb2e0q3nobhbziygn7bmeu4r9dqbhk2ki8ppde6a46k2hlxm65tkqyddgwg44ozjvwa1swcinen6d0n8r6bcpkjxgpqfu2gdnrgle17h2hxb1agkxwl2wl6k7nnwdzu77e1mnl	4	44	2019-08-27 18:09:36.981434	2019-08-27 18:09:36.981434
221	Tyree Bradtke	j1bbn4muykczsfgmrjjfhniq1kq926p0u4beoqecoy15u3e0yv4b20vr70lhw8grskd6dnadl5rpfxbly9ffnrw2axbpm40n4w8dt8gvt5t68zljnbjm	5	45	2019-08-27 18:09:36.984639	2019-08-27 18:09:36.984639
222	Mr. Seymour Halvorson	j664u9163x0b2k8jobc7efkf60s9frxmi22s9bq4pl3bsck64tpksc01hi724tpn5oem0zwy34f8iyhgzai3m0h6da9umr46yt	3	45	2019-08-27 18:09:36.987642	2019-08-27 18:09:36.987642
223	Dr. Dominick Greenholt	ogvmelu8ewodux5c91t7az4zypqakvuj4h0e5gj2c0gw6n01dr2j58hd8jxrivcob8frd037mm81ehv346jo27kq3rzdwxd1oujsy2zfxxz2i98y4teqpsdio2v1oealccy70w353qj5g0letxth7ep1z7ln2h4245kkwtcy9tcjfqdg	2	45	2019-08-27 18:09:36.990428	2019-08-27 18:09:36.990428
224	Sebastian Cummerata IV	v7bqliog8azf72xysxxzy5jz92jlf4jygomn2hmuj2ujwxfasksyp5bvx2rqpbacvecajvn0uf1qzpqo4flltiajgmar1ssrbkxl0h4upt1s2p44fqmzl629em6jymxx35pj213f9v0g1p341cotaap2f4q6ha31kutea	4	45	2019-08-27 18:09:36.994136	2019-08-27 18:09:36.994136
225	Isaiah Vandervort	ap7i8faghp3q2cimds42cjecuo03cytkr7asl8yldl9zk2mlawemxg0ak31hfr72jtmc5aimkuo385ex8gzjywwxyfl8f96u3j6vhy5zy	1	45	2019-08-27 18:09:36.996718	2019-08-27 18:09:36.996718
226	Shelli Boehm	aopidky1c1yzlzjeqouc81mjju72hzgu72tfb98jgb2jfbwx8dluq0b1h51hdotjnxml2swx3aw999ktohp7cv8krx0jrvk9u3k00sjxflw075njbr9q2qayzb5m3zaozbjbtbz4ews982kucfovu29qtlkwa1i3yp17h8lyaumjefqvuoy3qyn4npvd1t5el4	4	46	2019-08-27 18:09:36.999251	2019-08-27 18:09:36.999251
227	Argentina Casper	nr0mhmp3mgzoas3o03a63dkgc4t1c67fq373lbgetu3vq78j84oodnc5oq7kzt7roaxf0yo46czgy8j33ibvp6kpwclr8nj2uuwmqqp1vi17qsg7mxfriyrf8gg6vty97akopin65a5asrc670nfye0suvns9ff0h6jp5cj53oobx9oe6	4	46	2019-08-27 18:09:37.002873	2019-08-27 18:09:37.002873
228	Leandro Lowe Jr.	dcu67rv7zpewty9r8iouqk9rej6d3usyzu046e0g9owvggxtjw2djg889fg5uaz9rlpvjxjtf6hi3nu5ucwrtep65yk7jm7us464f4b8g0rwm4lf80bcz238zcvtlf47qu2qgk9sdf13pp9olb8kvu7qzcd8wk1vu8xkrrsuxaiwy1bj3hxr1a7i1ew2s0vb92bss516picqo71cr	3	46	2019-08-27 18:09:37.006586	2019-08-27 18:09:37.006586
229	Adelina Hayes	vhokoy7ujtzo71tf6p0cx95926jadq91m0wskfnhcuupdqjfsq8fdl0c17u6n03zks8mkvc0pwqm3nayfls8auetlj	2	46	2019-08-27 18:09:37.009715	2019-08-27 18:09:37.009715
230	Vincenza Stroman	5qxcub2tb8190zrh376cna1zjgrg03ao7qh1s0hwmju96ltfec5f6b1f22j524ajbjakou8wkoz4zqiwc3b4wv1ikacoxq1ng50c17zzjmyfdktc0pplx16kfajeue6o35k2zmtk9umav3419omnp72634i70s67wwn10n71nijxx2t4t6u0mnw0synrvfq3jwf4d7t50k6t95itqvbnfn21jv17sa3pulo6w3surt20v	4	46	2019-08-27 18:09:37.012413	2019-08-27 18:09:37.012413
231	Mariano Rogahn III	jt7kk4ovy0to61xeenpuujaejno1llvmj3bqsr4cakewxdd8gfetscck13oz	1	47	2019-08-27 18:09:37.014832	2019-08-27 18:09:37.014832
232	Rico Jacobi Sr.	id7agzuvzw6zu1rsdt6vasabpbw0hpwkfjnx9yce1jm0erv200ygrje0ac1foa3470fmhfxmgeechhag8z333mf9ei4hlufqv7i1lzcu8dvg62nxt2c7imywy3v6ksfnwvm7z78olw9hork6i6kpl9dufpqsb0l9u6mq7gv2jxg3gaysvrnya	3	47	2019-08-27 18:09:37.017931	2019-08-27 18:09:37.017931
233	Angie Renner	0tbvn5r7k0qrwg7u9ed20yydf8t1psyakdutptszzevjtqy56dczlxoezmtpbhlzv1jbmklwc3izgftkn1ls6msnl55kx5qa2qvq6t12kghmnqy6bh5bswmwczlc7153q2yffw9xhw	1	47	2019-08-27 18:09:37.020482	2019-08-27 18:09:37.020482
234	Tommye Skiles	6fpg0jga7wsljiep4t8ps836714yhjd76rzd4yba5hadikezbe5j88hxnyd4gf0knri0225tlm4zfmzrnx5fknp5hrvj5ag90qug384zlazzyb33cszigsxep58werh592jsy03edhytubenatgk3vs6vlb2xcvdizcsns4ghdx9vqei7ldpk6uc51mcyifp6ocf4wimpvlbqicecfscmyu7k1pm09wqlucb1iho8	4	47	2019-08-27 18:09:37.023024	2019-08-27 18:09:37.023024
235	Chauncey Spencer IV	43ei5mxzlo5i7rmp5amg5q3pkqhk7gu9s0hznav951qm3vxsekqlups0ocrluy0927yxdonyuqdm6qwsg4qttwtvivibm9ofe2l7levghqcoyypyaqsgdjmxxr6a4e2sh3hjhrhin180gdmv060q2chjvnjc1mx8piz34p1yy0bwcfickwiu5i203thowmu79jlt1	4	47	2019-08-27 18:09:37.025915	2019-08-27 18:09:37.025915
236	Reanna Huel DDS	e6mvc2svgmvh4bzw49v9pr71grcmzjrhcf8hdeyzx3pyhhkiie84m6vo0l6n1f7enl3sj716bhobmup9ux6966viuirxooexc72ab1918u5zcrie3mdjr18l3y39pn46769q296pn1l11v5022dqz4q6d8wnqgjwvite88wl8ekhmtlzvvzx5ogtj8kfcfzrdtkmslfrowq222xrelonxlry2i2o9qcy021u278x8fn	1	48	2019-08-27 18:09:37.028527	2019-08-27 18:09:37.028527
237	Mellissa Deckow	yggjctvq00pxxt8wpirxo6hqbstsdn1q2sqxbfs3wfw9n07rqtluruybks5c2s31s932zy9x5ad1i048jqicf9ac2hvjueosvd86xypywrraws6sgv3k9jj1qlfifbqo849kplznw4knmr9batfexe9ej4wbv4anoocbapnpthn8x2uy88lugl	1	48	2019-08-27 18:09:37.030986	2019-08-27 18:09:37.030986
238	Mr. Carmine Kunde	c3vqp1sgslge4ws2kfxtek6mbdt65v5q18q0pxq0hqpnsghhvg1exna1ksfv8a38pypmky8y4dnvzooibow1ybbiiwebmy0duitlffj5e0uv978bza8c5ysqorjwqj6iv8uswepmnyximcwyh	2	48	2019-08-27 18:09:37.034004	2019-08-27 18:09:37.034004
239	Donovan Frami	7w2pso0uzv2qs0xubkmvernxhxmtn8gdpbfat4g2czeyjfq52mz8laiulfuzcdg1tm3yjf7bc87wl0awka0o6htemsi63v46vlpsq9p3jy6u8ypwfk1vepqygd	1	48	2019-08-27 18:09:37.036552	2019-08-27 18:09:37.036552
240	Mrs. Sunshine Stroman	uu6msua18lnfof9a2g2fx1s7658z41qhu14y511cncsagte1gi1lwr3s1br79hu5xnm202iaetqu1lxjpg0wlz01skjekz8f02e1gvmjkqnghliculo1il3u65mb2yvmgv1tmb0c68cxf88w2ffymql7k7o54r5fw1fvi7fane7kip3s4lfmur6cnacfk	2	48	2019-08-27 18:09:37.038987	2019-08-27 18:09:37.038987
241	Janee Metz I	r1u33nhuptnpjy28gg1hhc1jas5e1z56ea6t6su35zovuguqhq5litxk3280ke9crimwva4ke248dcu9	1	49	2019-08-27 18:09:37.041915	2019-08-27 18:09:37.041915
242	Brady Fay	ajt79sk4c2soo4x0p1kll8sxwot5n7wzgv7q8dc8vv8jb26oewexqvenf4sja2xv5ln8j64eotx1aptxgn5kmsbtoo0uwtwkrkvas1k4mzf85utszyhsinz9lll	4	49	2019-08-27 18:09:37.044315	2019-08-27 18:09:37.044315
243	Consuelo Kassulke	h4i0au1j3n5m2ip3ntdq842glutzfch6twf427jjcolwsmfhe3wg204ywk9k793yvtau73di6uyuu0y4bg38gmevlocmi6djgwt3v321m7rf45xnapwgqossugvu0kfzqrvka77y5pj1xasa6cbznf1n3s4i847	4	49	2019-08-27 18:09:37.046758	2019-08-27 18:09:37.046758
244	Kay Reinger	fq6tw38kwik0vk83ei0gaskzp7orkhuxh31hs4ulzr9mj8tiypvezvg9ng4evhz7q1mz9y2z8gcgrup11k1ymx428vdfreaxhtfe2ldcf4eh1nyxbm3f62ii1a5p15q72n15lu3pm6foq1xqtqoatbq7u0zkgyahmd5	2	49	2019-08-27 18:09:37.049221	2019-08-27 18:09:37.049221
245	Josie Erdman	83fz5a2is2png9tlt4leihanr1nmkr7alfy1kky8io8s81dvsfxu596v9s8azo4h8pardnvzjwf7qxzwhtsi4fun8c1zlao86dnv47w238d80190qtv3do8d2ucwxmp1vla7mfcbhzrguy0r9efht8d	4	49	2019-08-27 18:09:37.051694	2019-08-27 18:09:37.051694
246	Paul Kuhic IV	vkly5gsbfs76a9gr3a4ogvr8s0rph1qzo8ysne5bjgg0y24wq4ieufzxxcicwwh8s6r5hh1almg725kp29g8b6lu394rozwb	1	50	2019-08-27 18:09:37.054035	2019-08-27 18:09:37.054035
247	Gaston Dare	et1iszemit3p3qwpdgmwnyfsb5po3i3uspwkqj4bmacki04wfyrwpolgr93ozr9owksm8kgcz04xrclaxp56qksxn6ka1e1xvsaxqymq8r9m2zecwx4b41x2kgzk5l073rak5al707hfw7bj8dwa4k5oqbfv6emg4n0pb3b0u	4	50	2019-08-27 18:09:37.056432	2019-08-27 18:09:37.056432
248	Natalia Collier	hw6z7wnedvrw9ysdpbp45jqesspputdmqt5wmyd6q4sspsf690a37qnt7mz3y8557khxt5kdwt2mz9c61y6ktnf7kykxieq9f6zrosb7rmhkft86nctsffqkae9gr46mwiz2r0nccyaw7q2uqyds8up0e7mhnvr52ibskj7g0jnb3wxyvntm69rsi5i0yz19glssqsm5amhgfnw272r6m233zq1pbd5i82ifo7iwcaehgurlcnj	4	50	2019-08-27 18:09:37.058816	2019-08-27 18:09:37.058816
249	Alden Kohler	e6ppbx21lzbdwdgjjrxsdjp02qdaseyz0ce4or2h5c1zoitczx5dbj2h7fi4suz0jmv3wdzdr5nm0cbjtd22xjt26gg7r4tgt8qevrerr6hzq3ufhbgx	1	50	2019-08-27 18:09:37.061285	2019-08-27 18:09:37.061285
250	Jackson Dooley	sk8lhoiw9o9niyfwf45gbij1adnwpey0ae24l36lsefqs4p34qnqj3fdisciattxzqgkx	5	50	2019-08-27 18:09:37.063987	2019-08-27 18:09:37.063987
\.


--
-- Data for Name: schema_migrations; Type: TABLE DATA; Schema: public; Owner: Guest
--

COPY public.schema_migrations (version) FROM stdin;
20190809165238
20190809165254
20190809170227
\.


--
-- Name: products_id_seq; Type: SEQUENCE SET; Schema: public; Owner: Guest
--

SELECT pg_catalog.setval('public.products_id_seq', 50, true);


--
-- Name: reviews_id_seq; Type: SEQUENCE SET; Schema: public; Owner: Guest
--

SELECT pg_catalog.setval('public.reviews_id_seq', 250, true);


--
-- Name: ar_internal_metadata ar_internal_metadata_pkey; Type: CONSTRAINT; Schema: public; Owner: Guest
--

ALTER TABLE ONLY public.ar_internal_metadata
    ADD CONSTRAINT ar_internal_metadata_pkey PRIMARY KEY (key);


--
-- Name: products products_pkey; Type: CONSTRAINT; Schema: public; Owner: Guest
--

ALTER TABLE ONLY public.products
    ADD CONSTRAINT products_pkey PRIMARY KEY (id);


--
-- Name: reviews reviews_pkey; Type: CONSTRAINT; Schema: public; Owner: Guest
--

ALTER TABLE ONLY public.reviews
    ADD CONSTRAINT reviews_pkey PRIMARY KEY (id);


--
-- Name: schema_migrations schema_migrations_pkey; Type: CONSTRAINT; Schema: public; Owner: Guest
--

ALTER TABLE ONLY public.schema_migrations
    ADD CONSTRAINT schema_migrations_pkey PRIMARY KEY (version);


--
-- Name: reviews fk_rails_bedd9094d4; Type: FK CONSTRAINT; Schema: public; Owner: Guest
--

ALTER TABLE ONLY public.reviews
    ADD CONSTRAINT fk_rails_bedd9094d4 FOREIGN KEY (product_id) REFERENCES public.products(id);


--
-- PostgreSQL database dump complete
--

